0 verbose cli C:\Program Files\nodejs\node.exe C:\Program Files\nodejs\node_modules\npm\bin\npm-cli.js
1 info using npm@11.6.2
2 info using node@v24.12.0
3 silly config load:file:C:\Program Files\nodejs\node_modules\npm\npmrc
4 silly config load:file:C:\Users\nayak\Documents\Codex\2026-08-15\files-mentioned-by-the-user-build\frontend\.npmrc
5 silly config load:file:C:\Users\nayak\.npmrc
6 silly config load:file:C:\Users\nayak\AppData\Roaming\npm\etc\npmrc
7 verbose title npm install
8 verbose argv "install" "--cache" "..\\work\\npm-cache"
9 verbose logfile logs-max:10 dir:C:\Users\nayak\Documents\Codex\2026-08-15\files-mentioned-by-the-user-build\work\npm-cache\_logs\2026-08-15T11_07_03_983Z-
10 verbose logfile C:\Users\nayak\Documents\Codex\2026-08-15\files-mentioned-by-the-user-build\work\npm-cache\_logs\2026-08-15T11_07_03_983Z-debug-0.log
11 silly logfile done cleaning log files
12 silly packumentCache heap:4496293888 maxSize:1124073472 maxEntrySize:562036736
13 silly idealTree buildDeps
14 silly fetch manifest axios@^1.7.9
15 silly packumentCache full:https://registry.npmjs.org/axios cache-miss
16 http fetch GET 200 https://registry.npmjs.org/axios 261ms (cache miss)
17 silly packumentCache full:https://registry.npmjs.org/axios set size:undefined disposed:false
18 silly fetch manifest react@^18.3.1
19 silly packumentCache full:https://registry.npmjs.org/react cache-miss
20 http fetch GET 200 https://registry.npmjs.org/react 693ms (cache miss)
21 silly packumentCache full:https://registry.npmjs.org/react set size:undefined disposed:false
22 silly fetch manifest react-dom@^18.3.1
23 silly packumentCache full:https://registry.npmjs.org/react-dom cache-miss
24 http fetch GET 200 https://registry.npmjs.org/react-dom 615ms (cache miss)
25 silly packumentCache full:https://registry.npmjs.org/react-dom set size:undefined disposed:false
26 silly fetch manifest @vitejs/plugin-react@^4.3.4
27 silly packumentCache full:https://registry.npmjs.org/@vitejs%2fplugin-react cache-miss
28 http fetch GET 200 https://registry.npmjs.org/@vitejs%2fplugin-react 190ms (cache miss)
29 silly packumentCache full:https://registry.npmjs.org/@vitejs%2fplugin-react set size:undefined disposed:false
30 silly fetch manifest vite@^6.0.5
31 silly packumentCache full:https://registry.npmjs.org/vite cache-miss
32 http fetch GET 200 https://registry.npmjs.org/vite 1784ms (cache miss)
33 silly packumentCache full:https://registry.npmjs.org/vite set size:undefined disposed:false
34 silly fetch manifest @types/node@^18.0.0 || ^20.0.0 || >=22.0.0
35 silly packumentCache full:https://registry.npmjs.org/@types%2fnode cache-miss
36 http fetch GET 200 https://registry.npmjs.org/@types%2fnode 345ms (cache miss)
37 silly packumentCache full:https://registry.npmjs.org/@types%2fnode set size:undefined disposed:false
38 silly fetch manifest jiti@>=1.21.0
39 silly packumentCache full:https://registry.npmjs.org/jiti cache-miss
40 http fetch GET 200 https://registry.npmjs.org/jiti 59ms (cache miss)
41 silly packumentCache full:https://registry.npmjs.org/jiti set size:undefined disposed:false
42 silly fetch manifest less@*
43 silly packumentCache full:https://registry.npmjs.org/less cache-miss
44 http fetch GET 200 https://registry.npmjs.org/less 66ms (cache miss)
45 silly packumentCache full:https://registry.npmjs.org/less set size:undefined disposed:false
46 silly fetch manifest lightningcss@^1.21.0
47 silly packumentCache full:https://registry.npmjs.org/lightningcss cache-miss
48 http fetch GET 200 https://registry.npmjs.org/lightningcss 63ms (cache miss)
49 silly packumentCache full:https://registry.npmjs.org/lightningcss set size:undefined disposed:false
50 silly fetch manifest sass@*
51 silly packumentCache full:https://registry.npmjs.org/sass cache-miss
52 http fetch GET 200 https://registry.npmjs.org/sass 121ms (cache miss)
53 silly packumentCache full:https://registry.npmjs.org/sass set size:undefined disposed:false
54 silly fetch manifest sass-embedded@*
55 silly packumentCache full:https://registry.npmjs.org/sass-embedded cache-miss
56 http fetch GET 200 https://registry.npmjs.org/sass-embedded 67ms (cache miss)
57 silly packumentCache full:https://registry.npmjs.org/sass-embedded set size:undefined disposed:false
58 silly fetch manifest stylus@*
59 silly packumentCache full:https://registry.npmjs.org/stylus cache-miss
60 http fetch GET 200 https://registry.npmjs.org/stylus 89ms (cache miss)
61 silly packumentCache full:https://registry.npmjs.org/stylus set size:undefined disposed:false
62 silly fetch manifest sugarss@*
63 silly packumentCache full:https://registry.npmjs.org/sugarss cache-miss
64 http fetch GET 200 https://registry.npmjs.org/sugarss 85ms (cache miss)
65 silly packumentCache full:https://registry.npmjs.org/sugarss set size:undefined disposed:false
66 silly fetch manifest postcss@^8.3.3
67 silly packumentCache full:https://registry.npmjs.org/postcss cache-miss
68 http fetch GET 200 https://registry.npmjs.org/postcss 94ms (cache miss)
69 silly packumentCache full:https://registry.npmjs.org/postcss set size:undefined disposed:false
70 silly fetch manifest terser@^5.16.0
71 silly packumentCache full:https://registry.npmjs.org/terser cache-miss
72 http fetch GET 200 https://registry.npmjs.org/terser 166ms (cache miss)
73 silly packumentCache full:https://registry.npmjs.org/terser set size:undefined disposed:false
74 silly fetch manifest tsx@^4.8.1
75 silly packumentCache full:https://registry.npmjs.org/tsx cache-miss
76 http fetch GET 200 https://registry.npmjs.org/tsx 67ms (cache miss)
77 silly packumentCache full:https://registry.npmjs.org/tsx set size:undefined disposed:false
78 silly fetch manifest yaml@^2.4.2
79 silly packumentCache full:https://registry.npmjs.org/yaml cache-miss
80 http fetch GET 200 https://registry.npmjs.org/yaml 70ms (cache miss)
81 silly packumentCache full:https://registry.npmjs.org/yaml set size:undefined disposed:false
82 silly placeDep ROOT @vitejs/plugin-react@4.7.0 OK for: product-catalog-frontend@1.0.0 want: ^4.3.4
83 silly placeDep ROOT vite@6.4.3 OK for: @vitejs/plugin-react@4.7.0 want: ^4.2.0 || ^5.0.0 || ^6.0.0 || ^7.0.0
84 silly placeDep ROOT axios@1.19.0 OK for: product-catalog-frontend@1.0.0 want: ^1.7.9
85 silly placeDep ROOT react@18.3.1 OK for: product-catalog-frontend@1.0.0 want: ^18.3.1
86 silly placeDep ROOT react-dom@18.3.1 OK for: product-catalog-frontend@1.0.0 want: ^18.3.1
87 silly fetch manifest @babel/core@^7.28.0
88 silly packumentCache full:https://registry.npmjs.org/@babel%2fcore cache-miss
89 silly fetch manifest react-refresh@^0.17.0
90 silly packumentCache full:https://registry.npmjs.org/react-refresh cache-miss
91 silly fetch manifest @types/babel__core@^7.20.5
92 silly packumentCache full:https://registry.npmjs.org/@types%2fbabel__core cache-miss
93 silly fetch manifest @rolldown/pluginutils@1.0.0-beta.27
94 silly packumentCache full:https://registry.npmjs.org/@rolldown%2fpluginutils cache-miss
95 silly fetch manifest @babel/plugin-transform-react-jsx-self@^7.27.1
96 silly packumentCache full:https://registry.npmjs.org/@babel%2fplugin-transform-react-jsx-self cache-miss
97 silly fetch manifest @babel/plugin-transform-react-jsx-source@^7.27.1
98 silly packumentCache full:https://registry.npmjs.org/@babel%2fplugin-transform-react-jsx-source cache-miss
99 silly fetch manifest fdir@^6.4.4
100 silly packumentCache full:https://registry.npmjs.org/fdir cache-miss
101 silly fetch manifest rollup@^4.34.9
102 silly packumentCache full:https://registry.npmjs.org/rollup cache-miss
103 silly fetch manifest esbuild@^0.25.0
104 silly packumentCache full:https://registry.npmjs.org/esbuild cache-miss
105 silly fetch manifest postcss@^8.5.3
106 silly packumentCache full:https://registry.npmjs.org/postcss cache-miss
107 silly fetch manifest picomatch@^4.0.2
108 silly packumentCache full:https://registry.npmjs.org/picomatch cache-miss
109 http cache https://registry.npmjs.org/postcss 48ms (cache hit)
110 silly packumentCache full:https://registry.npmjs.org/postcss set size:760024 disposed:false
111 silly fetch manifest tinyglobby@^0.2.13
112 silly packumentCache full:https://registry.npmjs.org/tinyglobby cache-miss
113 http cache https://registry.npmjs.org/picomatch 54ms (cache hit)
114 silly packumentCache full:https://registry.npmjs.org/picomatch set size:128942 disposed:false
115 silly fetch manifest fsevents@~2.3.3
116 silly packumentCache full:https://registry.npmjs.org/fsevents cache-miss
117 http cache https://registry.npmjs.org/fsevents 23ms (cache hit)
118 silly packumentCache full:https://registry.npmjs.org/fsevents set size:182472 disposed:false
119 silly fetch manifest form-data@^4.0.6
120 silly packumentCache full:https://registry.npmjs.org/form-data cache-miss
121 http fetch GET 200 https://registry.npmjs.org/@babel%2fcore 115ms (cache miss)
122 silly packumentCache full:https://registry.npmjs.org/@babel%2fcore set size:undefined disposed:false
123 silly fetch manifest proxy-from-env@^2.1.0
124 silly packumentCache full:https://registry.npmjs.org/proxy-from-env cache-miss
125 http fetch GET 200 https://registry.npmjs.org/@types%2fbabel__core 212ms (cache miss)
126 silly packumentCache full:https://registry.npmjs.org/@types%2fbabel__core set size:undefined disposed:false
127 silly fetch manifest follow-redirects@^1.16.0
128 silly packumentCache full:https://registry.npmjs.org/follow-redirects cache-miss
129 http fetch GET 200 https://registry.npmjs.org/proxy-from-env 95ms (cache miss)
130 silly packumentCache full:https://registry.npmjs.org/proxy-from-env set size:undefined disposed:false
131 silly fetch manifest https-proxy-agent@^5.0.1
132 silly packumentCache full:https://registry.npmjs.org/https-proxy-agent cache-miss
133 http fetch GET 200 https://registry.npmjs.org/fdir 236ms (cache miss)
134 silly packumentCache full:https://registry.npmjs.org/fdir set size:undefined disposed:false
135 silly fetch manifest loose-envify@^1.1.0
136 silly packumentCache full:https://registry.npmjs.org/loose-envify cache-miss
137 http fetch GET 200 https://registry.npmjs.org/@rolldown%2fpluginutils 242ms (cache miss)
138 silly packumentCache full:https://registry.npmjs.org/@rolldown%2fpluginutils set size:undefined disposed:false
139 silly fetch manifest scheduler@^0.23.2
140 silly packumentCache full:https://registry.npmjs.org/scheduler cache-miss
141 http fetch GET 200 https://registry.npmjs.org/@babel%2fplugin-transform-react-jsx-self 260ms (cache miss)
142 silly packumentCache full:https://registry.npmjs.org/@babel%2fplugin-transform-react-jsx-self set size:undefined disposed:false
143 silly fetch manifest loose-envify@^1.1.0
144 silly packumentCache full:https://registry.npmjs.org/loose-envify cache-miss
145 http fetch GET 200 https://registry.npmjs.org/tinyglobby 252ms (cache miss)
146 silly packumentCache full:https://registry.npmjs.org/tinyglobby set size:undefined disposed:false
147 http fetch GET 200 https://registry.npmjs.org/form-data 265ms (cache miss)
148 silly packumentCache full:https://registry.npmjs.org/form-data set size:undefined disposed:false
149 http fetch GET 200 https://registry.npmjs.org/loose-envify 119ms (cache miss)
150 silly packumentCache full:https://registry.npmjs.org/loose-envify set size:undefined disposed:false
151 http fetch GET 200 https://registry.npmjs.org/loose-envify 100ms (cache miss)
152 silly packumentCache full:https://registry.npmjs.org/loose-envify set size:undefined disposed:false
153 http fetch GET 200 https://registry.npmjs.org/https-proxy-agent 161ms (cache miss)
154 silly packumentCache full:https://registry.npmjs.org/https-proxy-agent set size:undefined disposed:false
155 http fetch GET 200 https://registry.npmjs.org/follow-redirects 177ms (cache miss)
156 silly packumentCache full:https://registry.npmjs.org/follow-redirects set size:undefined disposed:false
157 http fetch GET 200 https://registry.npmjs.org/esbuild 443ms (cache miss)
158 silly packumentCache full:https://registry.npmjs.org/esbuild set size:undefined disposed:false
159 http fetch GET 200 https://registry.npmjs.org/@babel%2fplugin-transform-react-jsx-source 571ms (cache miss)
160 silly packumentCache full:https://registry.npmjs.org/@babel%2fplugin-transform-react-jsx-source set size:undefined disposed:false
161 http fetch GET 200 https://registry.npmjs.org/react-refresh 759ms (cache miss)
162 silly packumentCache full:https://registry.npmjs.org/react-refresh set size:undefined disposed:false
163 http fetch GET 200 https://registry.npmjs.org/scheduler 618ms (cache miss)
164 silly packumentCache full:https://registry.npmjs.org/scheduler set size:undefined disposed:false
165 http fetch GET 200 https://registry.npmjs.org/rollup 989ms (cache miss)
166 silly packumentCache full:https://registry.npmjs.org/rollup set size:undefined disposed:false
167 silly placeDep ROOT @babel/core@7.29.7 OK for: @vitejs/plugin-react@4.7.0 want: ^7.28.0
168 silly placeDep ROOT @babel/plugin-transform-react-jsx-self@7.29.7 OK for: @vitejs/plugin-react@4.7.0 want: ^7.27.1
169 silly placeDep ROOT @babel/plugin-transform-react-jsx-source@7.29.7 OK for: @vitejs/plugin-react@4.7.0 want: ^7.27.1
170 silly placeDep ROOT @rolldown/pluginutils@1.0.0-beta.27 OK for: @vitejs/plugin-react@4.7.0 want: 1.0.0-beta.27
171 silly placeDep ROOT @types/babel__core@7.20.5 OK for: @vitejs/plugin-react@4.7.0 want: ^7.20.5
172 silly placeDep ROOT react-refresh@0.17.0 OK for: @vitejs/plugin-react@4.7.0 want: ^0.17.0
173 silly fetch manifest debug@^4.1.0
174 silly packumentCache full:https://registry.npmjs.org/debug cache-miss
175 silly fetch manifest json5@^2.2.3
176 silly packumentCache full:https://registry.npmjs.org/json5 cache-miss
177 silly fetch manifest semver@^6.3.1
178 silly packumentCache full:https://registry.npmjs.org/semver cache-miss
179 silly fetch manifest gensync@^1.0.0-beta.2
180 silly packumentCache full:https://registry.npmjs.org/gensync cache-miss
181 silly fetch manifest @babel/types@^7.29.7
182 silly packumentCache full:https://registry.npmjs.org/@babel%2ftypes cache-miss
183 silly fetch manifest @babel/parser@^7.29.7
184 silly packumentCache full:https://registry.npmjs.org/@babel%2fparser cache-miss
185 silly fetch manifest @babel/helpers@^7.29.7
186 silly packumentCache full:https://registry.npmjs.org/@babel%2fhelpers cache-miss
187 silly fetch manifest @babel/template@^7.29.7
188 silly packumentCache full:https://registry.npmjs.org/@babel%2ftemplate cache-miss
189 silly fetch manifest @babel/traverse@^7.29.7
190 silly packumentCache full:https://registry.npmjs.org/@babel%2ftraverse cache-miss
191 silly fetch manifest @babel/generator@^7.29.7
192 silly packumentCache full:https://registry.npmjs.org/@babel%2fgenerator cache-miss
193 silly fetch manifest @babel/code-frame@^7.29.7
194 silly packumentCache full:https://registry.npmjs.org/@babel%2fcode-frame cache-miss
195 http cache https://registry.npmjs.org/semver 64ms (cache hit)
196 silly packumentCache full:https://registry.npmjs.org/semver set size:246069 disposed:false
197 silly fetch manifest convert-source-map@^2.0.0
198 silly packumentCache full:https://registry.npmjs.org/convert-source-map cache-miss
199 http cache https://registry.npmjs.org/debug 78ms (cache hit)
200 silly packumentCache full:https://registry.npmjs.org/debug set size:195840 disposed:false
201 silly fetch manifest @jridgewell/remapping@^2.3.5
202 silly packumentCache full:https://registry.npmjs.org/@jridgewell%2fremapping cache-miss
203 http fetch GET 200 https://registry.npmjs.org/gensync 163ms (cache miss)
204 silly packumentCache full:https://registry.npmjs.org/gensync set size:undefined disposed:false
205 silly fetch manifest @babel/helper-module-transforms@^7.29.7
206 silly packumentCache full:https://registry.npmjs.org/@babel%2fhelper-module-transforms cache-miss
207 http fetch GET 200 https://registry.npmjs.org/json5 206ms (cache miss)
208 silly packumentCache full:https://registry.npmjs.org/json5 set size:undefined disposed:false
209 silly fetch manifest @babel/helper-compilation-targets@^7.29.7
210 silly packumentCache full:https://registry.npmjs.org/@babel%2fhelper-compilation-targets cache-miss
211 http fetch GET 200 https://registry.npmjs.org/@jridgewell%2fremapping 135ms (cache miss)
212 silly packumentCache full:https://registry.npmjs.org/@jridgewell%2fremapping set size:undefined disposed:false
213 silly fetch manifest @babel/helper-plugin-utils@^7.29.7
214 silly packumentCache full:https://registry.npmjs.org/@babel%2fhelper-plugin-utils cache-miss
215 http fetch GET 200 https://registry.npmjs.org/@babel%2fcode-frame 219ms (cache miss)
216 silly packumentCache full:https://registry.npmjs.org/@babel%2fcode-frame set size:undefined disposed:false
217 silly fetch manifest @babel/helper-plugin-utils@^7.29.7
218 silly packumentCache full:https://registry.npmjs.org/@babel%2fhelper-plugin-utils cache-miss
219 http fetch GET 200 https://registry.npmjs.org/@babel%2ftemplate 255ms (cache miss)
220 silly packumentCache full:https://registry.npmjs.org/@babel%2ftemplate set size:undefined disposed:false
221 silly fetch manifest @babel/types@^7.20.7
222 silly packumentCache full:https://registry.npmjs.org/@babel%2ftypes cache-miss
223 http fetch GET 200 https://registry.npmjs.org/@babel%2fhelpers 289ms (cache miss)
224 silly packumentCache full:https://registry.npmjs.org/@babel%2fhelpers set size:undefined disposed:false
225 silly fetch manifest @babel/parser@^7.20.7
226 silly packumentCache full:https://registry.npmjs.org/@babel%2fparser cache-miss
227 http fetch GET 200 https://registry.npmjs.org/@babel%2ftypes 304ms (cache miss)
228 silly packumentCache full:https://registry.npmjs.org/@babel%2ftypes set size:undefined disposed:false
229 silly fetch manifest @types/babel__template@*
230 silly packumentCache full:https://registry.npmjs.org/@types%2fbabel__template cache-miss
231 http fetch GET 200 https://registry.npmjs.org/convert-source-map 256ms (cache miss)
232 silly packumentCache full:https://registry.npmjs.org/convert-source-map set size:undefined disposed:false
233 silly fetch manifest @types/babel__traverse@*
234 silly packumentCache full:https://registry.npmjs.org/@types%2fbabel__traverse cache-miss
235 http fetch GET 200 https://registry.npmjs.org/@babel%2ftraverse 333ms (cache miss)
236 silly packumentCache full:https://registry.npmjs.org/@babel%2ftraverse set size:undefined disposed:false
237 silly fetch manifest @types/babel__generator@*
238 silly packumentCache full:https://registry.npmjs.org/@types%2fbabel__generator cache-miss
239 http fetch GET 200 https://registry.npmjs.org/@babel%2fgenerator 350ms (cache miss)
240 silly packumentCache full:https://registry.npmjs.org/@babel%2fgenerator set size:undefined disposed:false
241 http cache https://registry.npmjs.org/@babel%2ftypes 154ms (cache hit)
242 silly packumentCache full:https://registry.npmjs.org/@babel%2ftypes set size:502938 disposed:false
243 http fetch GET 200 https://registry.npmjs.org/@types%2fbabel__template 145ms (cache miss)
244 silly packumentCache full:https://registry.npmjs.org/@types%2fbabel__template set size:undefined disposed:false
245 http fetch GET 200 https://registry.npmjs.org/@babel%2fparser 463ms (cache miss)
246 silly packumentCache full:https://registry.npmjs.org/@babel%2fparser set size:undefined disposed:false
247 http fetch GET 200 https://registry.npmjs.org/@babel%2fhelper-plugin-utils 268ms (cache miss)
248 silly packumentCache full:https://registry.npmjs.org/@babel%2fhelper-plugin-utils set size:undefined disposed:false
249 http fetch GET 200 https://registry.npmjs.org/@types%2fbabel__generator 142ms (cache miss)
250 silly packumentCache full:https://registry.npmjs.org/@types%2fbabel__generator set size:undefined disposed:false
251 http fetch GET 200 https://registry.npmjs.org/@babel%2fhelper-plugin-utils 260ms (cache miss)
252 silly packumentCache full:https://registry.npmjs.org/@babel%2fhelper-plugin-utils set size:undefined disposed:false
253 http fetch GET 200 https://registry.npmjs.org/@types%2fbabel__traverse 173ms (cache miss)
254 silly packumentCache full:https://registry.npmjs.org/@types%2fbabel__traverse set size:undefined disposed:false
255 http fetch GET 200 https://registry.npmjs.org/@babel%2fhelper-module-transforms 346ms (cache miss)
256 silly packumentCache full:https://registry.npmjs.org/@babel%2fhelper-module-transforms set size:undefined disposed:false
257 http fetch GET 200 https://registry.npmjs.org/@babel%2fhelper-compilation-targets 314ms (cache miss)
258 silly packumentCache full:https://registry.npmjs.org/@babel%2fhelper-compilation-targets set size:undefined disposed:false
259 http fetch GET 200 https://registry.npmjs.org/@babel%2fparser 238ms (cache miss)
260 silly packumentCache full:https://registry.npmjs.org/@babel%2fparser set size:undefined disposed:false
261 silly fetch manifest @babel/core@^7.0.0
262 silly packumentCache full:https://registry.npmjs.org/@babel%2fcore cache-miss
263 http cache https://registry.npmjs.org/@babel%2fcore 20ms (cache hit)
264 silly packumentCache full:https://registry.npmjs.org/@babel%2fcore set size:788273 disposed:false
265 silly placeDep ROOT @babel/code-frame@7.29.7 OK for: @babel/core@7.29.7 want: ^7.29.7
266 silly placeDep ROOT @babel/generator@7.29.8 OK for: @babel/core@7.29.7 want: ^7.29.7
267 silly placeDep ROOT @babel/helper-compilation-targets@7.29.7 OK for: @babel/core@7.29.7 want: ^7.29.7
268 silly placeDep ROOT @babel/helper-module-transforms@7.29.7 OK for: @babel/core@7.29.7 want: ^7.29.7
269 silly placeDep ROOT @babel/helpers@7.29.7 OK for: @babel/core@7.29.7 want: ^7.29.7
270 silly placeDep ROOT @babel/parser@7.29.8 OK for: @babel/core@7.29.7 want: ^7.29.7
271 silly placeDep ROOT @babel/template@7.29.7 OK for: @babel/core@7.29.7 want: ^7.29.7
272 silly placeDep ROOT @babel/traverse@7.29.8 OK for: @babel/core@7.29.7 want: ^7.29.7
273 silly placeDep ROOT @babel/types@7.29.8 OK for: @babel/core@7.29.7 want: ^7.29.7
274 silly placeDep ROOT @jridgewell/remapping@2.3.5 OK for: @babel/core@7.29.7 want: ^2.3.5
275 silly placeDep ROOT convert-source-map@2.0.0 OK for: @babel/core@7.29.7 want: ^2.0.0
276 silly placeDep ROOT debug@4.4.3 OK for: @babel/core@7.29.7 want: ^4.1.0
277 silly placeDep ROOT gensync@1.0.0-beta.2 OK for: @babel/core@7.29.7 want: ^1.0.0-beta.2
278 silly placeDep ROOT json5@2.2.3 OK for: @babel/core@7.29.7 want: ^2.2.3
279 silly placeDep ROOT semver@6.3.1 OK for: @babel/core@7.29.7 want: ^6.3.1
280 silly fetch manifest js-tokens@^4.0.0
281 silly packumentCache full:https://registry.npmjs.org/js-tokens cache-miss
282 silly fetch manifest picocolors@^1.1.1
283 silly packumentCache full:https://registry.npmjs.org/picocolors cache-miss
284 silly fetch manifest @babel/helper-validator-identifier@^7.29.7
285 silly packumentCache full:https://registry.npmjs.org/@babel%2fhelper-validator-identifier cache-miss
286 silly fetch manifest jsesc@^3.0.2
287 silly packumentCache full:https://registry.npmjs.org/jsesc cache-miss
288 silly fetch manifest @babel/types@^7.29.8
289 silly packumentCache full:https://registry.npmjs.org/@babel%2ftypes cache-hit
290 silly fetch manifest @babel/parser@^7.29.8
291 silly packumentCache full:https://registry.npmjs.org/@babel%2fparser cache-miss
292 silly fetch manifest @jridgewell/gen-mapping@^0.3.12
293 silly packumentCache full:https://registry.npmjs.org/@jridgewell%2fgen-mapping cache-miss
294 silly fetch manifest @jridgewell/trace-mapping@^0.3.28
295 silly packumentCache full:https://registry.npmjs.org/@jridgewell%2ftrace-mapping cache-miss
296 silly fetch manifest lru-cache@^5.1.1
297 silly packumentCache full:https://registry.npmjs.org/lru-cache cache-miss
298 silly fetch manifest browserslist@^4.24.0
299 silly packumentCache full:https://registry.npmjs.org/browserslist cache-miss
300 silly fetch manifest @babel/compat-data@^7.29.7
301 silly packumentCache full:https://registry.npmjs.org/@babel%2fcompat-data cache-miss
302 silly fetch manifest @babel/helper-validator-option@^7.29.7
303 silly packumentCache full:https://registry.npmjs.org/@babel%2fhelper-validator-option cache-miss
304 http cache https://registry.npmjs.org/@babel%2fparser 48ms (cache hit)
305 silly packumentCache full:https://registry.npmjs.org/@babel%2fparser set size:737961 disposed:false
306 silly fetch manifest @babel/helper-module-imports@^7.29.7
307 silly packumentCache full:https://registry.npmjs.org/@babel%2fhelper-module-imports cache-miss
308 http fetch GET 200 https://registry.npmjs.org/picocolors 124ms (cache miss)
309 silly packumentCache full:https://registry.npmjs.org/picocolors set size:undefined disposed:false
310 silly fetch manifest @babel/helper-validator-identifier@^7.29.7
311 silly packumentCache full:https://registry.npmjs.org/@babel%2fhelper-validator-identifier cache-miss
312 http fetch GET 200 https://registry.npmjs.org/js-tokens 136ms (cache miss)
313 silly packumentCache full:https://registry.npmjs.org/js-tokens set size:undefined disposed:false
314 silly fetch manifest debug@^4.3.1
315 silly packumentCache full:https://registry.npmjs.org/debug cache-hit
316 silly fetch manifest @babel/helper-globals@^7.29.7
317 silly packumentCache full:https://registry.npmjs.org/@babel%2fhelper-globals cache-miss
318 http fetch GET 200 https://registry.npmjs.org/jsesc 146ms (cache miss)
319 silly packumentCache full:https://registry.npmjs.org/jsesc set size:undefined disposed:false
320 silly fetch manifest @babel/helper-string-parser@^7.29.7
321 silly packumentCache full:https://registry.npmjs.org/@babel%2fhelper-string-parser cache-miss
322 http fetch GET 200 https://registry.npmjs.org/@babel%2fhelper-validator-option 149ms (cache miss)
323 silly packumentCache full:https://registry.npmjs.org/@babel%2fhelper-validator-option set size:undefined disposed:false
324 silly fetch manifest @babel/helper-validator-identifier@^7.29.7
325 silly packumentCache full:https://registry.npmjs.org/@babel%2fhelper-validator-identifier cache-miss
326 http fetch GET 200 https://registry.npmjs.org/@babel%2fhelper-validator-identifier 177ms (cache miss)
327 silly packumentCache full:https://registry.npmjs.org/@babel%2fhelper-validator-identifier set size:undefined disposed:false
328 silly fetch manifest @jridgewell/gen-mapping@^0.3.5
329 silly packumentCache full:https://registry.npmjs.org/@jridgewell%2fgen-mapping cache-miss
330 http fetch GET 200 https://registry.npmjs.org/@jridgewell%2fgen-mapping 192ms (cache miss)
331 silly packumentCache full:https://registry.npmjs.org/@jridgewell%2fgen-mapping set size:undefined disposed:false
332 silly fetch manifest @jridgewell/trace-mapping@^0.3.24
333 silly packumentCache full:https://registry.npmjs.org/@jridgewell%2ftrace-mapping cache-miss
334 http fetch GET 200 https://registry.npmjs.org/@jridgewell%2ftrace-mapping 217ms (cache miss)
335 silly packumentCache full:https://registry.npmjs.org/@jridgewell%2ftrace-mapping set size:undefined disposed:false
336 silly fetch manifest ms@^2.1.3
337 silly packumentCache full:https://registry.npmjs.org/ms cache-miss
338 http fetch GET 200 https://registry.npmjs.org/@babel%2fcompat-data 219ms (cache miss)
339 silly packumentCache full:https://registry.npmjs.org/@babel%2fcompat-data set size:undefined disposed:false
340 http cache https://registry.npmjs.org/@babel%2fhelper-validator-identifier 94ms (cache hit)
341 silly packumentCache full:https://registry.npmjs.org/@babel%2fhelper-validator-identifier set size:130133 disposed:false
342 http fetch GET 200 https://registry.npmjs.org/@babel%2fhelper-globals 135ms (cache miss)
343 silly packumentCache full:https://registry.npmjs.org/@babel%2fhelper-globals set size:undefined disposed:false
344 http cache https://registry.npmjs.org/@jridgewell%2fgen-mapping 98ms (cache hit)
345 silly packumentCache full:https://registry.npmjs.org/@jridgewell%2fgen-mapping set size:75941 disposed:false
346 http fetch GET 200 https://registry.npmjs.org/@babel%2fhelper-validator-identifier 159ms (cache miss)
347 silly packumentCache full:https://registry.npmjs.org/@babel%2fhelper-validator-identifier set size:undefined disposed:false
348 silly packumentCache full:https://registry.npmjs.org/@babel%2fhelper-validator-identifier dispose
349 http fetch GET 200 https://registry.npmjs.org/@babel%2fhelper-module-imports 227ms (cache miss)
350 silly packumentCache full:https://registry.npmjs.org/@babel%2fhelper-module-imports set size:undefined disposed:false
351 http fetch GET 200 https://registry.npmjs.org/lru-cache 298ms (cache miss)
352 silly packumentCache full:https://registry.npmjs.org/lru-cache set size:undefined disposed:false
353 http fetch GET 200 https://registry.npmjs.org/browserslist 328ms (cache miss)
354 silly packumentCache full:https://registry.npmjs.org/browserslist set size:undefined disposed:false
355 http fetch GET 200 https://registry.npmjs.org/@babel%2fhelper-string-parser 201ms (cache miss)
356 silly packumentCache full:https://registry.npmjs.org/@babel%2fhelper-string-parser set size:undefined disposed:false
357 http cache https://registry.npmjs.org/ms 133ms (cache hit)
358 silly packumentCache full:https://registry.npmjs.org/ms set size:92208 disposed:false
359 http fetch GET 200 https://registry.npmjs.org/@jridgewell%2ftrace-mapping 171ms (cache miss)
360 silly packumentCache full:https://registry.npmjs.org/@jridgewell%2ftrace-mapping set size:undefined disposed:false
361 silly placeDep ROOT @babel/helper-validator-identifier@7.29.7 OK for: @babel/code-frame@7.29.7 want: ^7.29.7
362 silly placeDep ROOT js-tokens@4.0.0 OK for: @babel/code-frame@7.29.7 want: ^4.0.0
363 silly placeDep ROOT picocolors@1.1.1 OK for: @babel/code-frame@7.29.7 want: ^1.1.1
364 silly placeDep ROOT @jridgewell/gen-mapping@0.3.13 OK for: @babel/generator@7.29.8 want: ^0.3.12
365 silly placeDep ROOT @jridgewell/trace-mapping@0.3.31 OK for: @babel/generator@7.29.8 want: ^0.3.28
366 silly placeDep ROOT jsesc@3.1.0 OK for: @babel/generator@7.29.8 want: ^3.0.2
367 silly fetch manifest @jridgewell/sourcemap-codec@^1.5.0
368 silly packumentCache full:https://registry.npmjs.org/@jridgewell%2fsourcemap-codec cache-miss
369 silly fetch manifest @jridgewell/resolve-uri@^3.1.0
370 silly packumentCache full:https://registry.npmjs.org/@jridgewell%2fresolve-uri cache-miss
371 silly fetch manifest @jridgewell/sourcemap-codec@^1.4.14
372 silly packumentCache full:https://registry.npmjs.org/@jridgewell%2fsourcemap-codec cache-miss
373 http fetch GET 200 https://registry.npmjs.org/@jridgewell%2fsourcemap-codec 81ms (cache miss)
374 silly packumentCache full:https://registry.npmjs.org/@jridgewell%2fsourcemap-codec set size:undefined disposed:false
375 http fetch GET 200 https://registry.npmjs.org/@jridgewell%2fsourcemap-codec 84ms (cache miss)
376 silly packumentCache full:https://registry.npmjs.org/@jridgewell%2fsourcemap-codec set size:undefined disposed:false
377 http fetch GET 200 https://registry.npmjs.org/@jridgewell%2fresolve-uri 91ms (cache miss)
378 silly packumentCache full:https://registry.npmjs.org/@jridgewell%2fresolve-uri set size:undefined disposed:false
379 silly placeDep ROOT @babel/compat-data@7.29.7 OK for: @babel/helper-compilation-targets@7.29.7 want: ^7.29.7
380 silly placeDep ROOT @babel/helper-validator-option@7.29.7 OK for: @babel/helper-compilation-targets@7.29.7 want: ^7.29.7
381 silly placeDep ROOT browserslist@4.28.8 OK for: @babel/helper-compilation-targets@7.29.7 want: ^4.24.0
382 silly placeDep ROOT lru-cache@5.1.1 OK for: @babel/helper-compilation-targets@7.29.7 want: ^5.1.1
383 silly fetch manifest caniuse-lite@^1.0.30001809
384 silly packumentCache full:https://registry.npmjs.org/caniuse-lite cache-miss
385 silly fetch manifest node-releases@^2.0.53
386 silly packumentCache full:https://registry.npmjs.org/node-releases cache-miss
387 silly fetch manifest electron-to-chromium@^1.5.402
388 silly packumentCache full:https://registry.npmjs.org/electron-to-chromium cache-miss
389 silly fetch manifest update-browserslist-db@^1.3.0
390 silly packumentCache full:https://registry.npmjs.org/update-browserslist-db cache-miss
391 silly fetch manifest baseline-browser-mapping@^2.11.12
392 silly packumentCache full:https://registry.npmjs.org/baseline-browser-mapping cache-miss
393 silly fetch manifest yallist@^3.0.2
394 silly packumentCache full:https://registry.npmjs.org/yallist cache-miss
395 http fetch GET 200 https://registry.npmjs.org/yallist 75ms (cache miss)
396 silly packumentCache full:https://registry.npmjs.org/yallist set size:undefined disposed:false
397 http fetch GET 200 https://registry.npmjs.org/update-browserslist-db 81ms (cache miss)
398 silly packumentCache full:https://registry.npmjs.org/update-browserslist-db set size:undefined disposed:false
399 http fetch GET 200 https://registry.npmjs.org/node-releases 107ms (cache miss)
400 silly packumentCache full:https://registry.npmjs.org/node-releases set size:undefined disposed:false
401 http fetch GET 200 https://registry.npmjs.org/baseline-browser-mapping 134ms (cache miss)
402 silly packumentCache full:https://registry.npmjs.org/baseline-browser-mapping set size:undefined disposed:false
403 http fetch GET 200 https://registry.npmjs.org/caniuse-lite 298ms (cache miss)
404 silly packumentCache full:https://registry.npmjs.org/caniuse-lite set size:undefined disposed:false
405 http fetch GET 200 https://registry.npmjs.org/electron-to-chromium 367ms (cache miss)
406 silly packumentCache full:https://registry.npmjs.org/electron-to-chromium set size:undefined disposed:false
407 silly placeDep ROOT @babel/helper-module-imports@7.29.7 OK for: @babel/helper-module-transforms@7.29.7 want: ^7.29.7
408 silly placeDep ROOT @babel/helper-plugin-utils@7.29.7 OK for: @babel/plugin-transform-react-jsx-self@7.29.7 want: ^7.29.7
409 silly placeDep ROOT @babel/helper-globals@7.29.7 OK for: @babel/traverse@7.29.8 want: ^7.29.7
410 silly placeDep ROOT @babel/helper-string-parser@7.29.7 OK for: @babel/types@7.29.8 want: ^7.29.7
411 silly placeDep ROOT @jridgewell/sourcemap-codec@1.5.5 OK for: @jridgewell/gen-mapping@0.3.13 want: ^1.5.0
412 silly placeDep ROOT @jridgewell/resolve-uri@3.1.2 OK for: @jridgewell/trace-mapping@0.3.31 want: ^3.1.0
413 silly placeDep ROOT @types/babel__generator@7.27.0 OK for: @types/babel__core@7.20.5 want: *
414 silly placeDep ROOT @types/babel__template@7.4.4 OK for: @types/babel__core@7.20.5 want: *
415 silly placeDep ROOT @types/babel__traverse@7.28.0 OK for: @types/babel__core@7.20.5 want: *
416 silly placeDep ROOT follow-redirects@1.16.0 OK for: axios@1.19.0 want: ^1.16.0
417 silly placeDep ROOT form-data@4.0.6 OK for: axios@1.19.0 want: ^4.0.6
418 silly placeDep ROOT https-proxy-agent@5.0.1 OK for: axios@1.19.0 want: ^5.0.1
419 silly placeDep ROOT proxy-from-env@2.1.0 OK for: axios@1.19.0 want: ^2.1.0
420 silly fetch manifest hasown@^2.0.4
421 silly packumentCache full:https://registry.npmjs.org/hasown cache-miss
422 silly fetch manifest asynckit@^0.4.0
423 silly packumentCache full:https://registry.npmjs.org/asynckit cache-miss
424 silly fetch manifest mime-types@^2.1.35
425 silly packumentCache full:https://registry.npmjs.org/mime-types cache-miss
426 silly fetch manifest combined-stream@^1.0.8
427 silly packumentCache full:https://registry.npmjs.org/combined-stream cache-miss
428 silly fetch manifest es-set-tostringtag@^2.1.0
429 silly packumentCache full:https://registry.npmjs.org/es-set-tostringtag cache-miss
430 silly fetch manifest agent-base@6
431 silly packumentCache full:https://registry.npmjs.org/agent-base cache-miss
432 http cache https://registry.npmjs.org/mime-types 22ms (cache hit)
433 silly packumentCache full:https://registry.npmjs.org/mime-types set size:139110 disposed:false
434 http cache https://registry.npmjs.org/hasown 29ms (cache hit)
435 silly packumentCache full:https://registry.npmjs.org/hasown set size:18361 disposed:false
436 http fetch GET 200 https://registry.npmjs.org/agent-base 66ms (cache miss)
437 silly packumentCache full:https://registry.npmjs.org/agent-base set size:undefined disposed:false
438 http fetch GET 200 https://registry.npmjs.org/es-set-tostringtag 71ms (cache miss)
439 silly packumentCache full:https://registry.npmjs.org/es-set-tostringtag set size:undefined disposed:false
440 http fetch GET 200 https://registry.npmjs.org/asynckit 74ms (cache miss)
441 silly packumentCache full:https://registry.npmjs.org/asynckit set size:undefined disposed:false
442 http fetch GET 200 https://registry.npmjs.org/combined-stream 77ms (cache miss)
443 silly packumentCache full:https://registry.npmjs.org/combined-stream set size:undefined disposed:false
444 silly fetch manifest browserslist@>= 4.21.0
445 silly packumentCache full:https://registry.npmjs.org/browserslist cache-miss
446 http cache https://registry.npmjs.org/browserslist 21ms (cache hit)
447 silly packumentCache full:https://registry.npmjs.org/browserslist set size:518659 disposed:false
448 silly placeDep ROOT baseline-browser-mapping@2.11.14 OK for: browserslist@4.28.8 want: ^2.11.12
449 silly placeDep ROOT caniuse-lite@1.0.30001809 OK for: browserslist@4.28.8 want: ^1.0.30001809
450 silly placeDep ROOT electron-to-chromium@1.5.407 OK for: browserslist@4.28.8 want: ^1.5.402
451 silly placeDep ROOT node-releases@2.0.53 OK for: browserslist@4.28.8 want: ^2.0.53
452 silly placeDep ROOT update-browserslist-db@1.3.1 OK for: browserslist@4.28.8 want: ^1.3.0
453 silly fetch manifest escalade@^3.2.0
454 silly packumentCache full:https://registry.npmjs.org/escalade cache-miss
455 http fetch GET 200 https://registry.npmjs.org/escalade 84ms (cache miss)
456 silly packumentCache full:https://registry.npmjs.org/escalade set size:undefined disposed:false
457 silly placeDep ROOT ms@2.1.3 OK for: debug@4.4.3 want: ^2.1.3
458 silly placeDep ROOT asynckit@0.4.0 OK for: form-data@4.0.6 want: ^0.4.0
459 silly placeDep ROOT combined-stream@1.0.8 OK for: form-data@4.0.6 want: ^1.0.8
460 silly placeDep ROOT es-set-tostringtag@2.1.0 OK for: form-data@4.0.6 want: ^2.1.0
461 silly placeDep ROOT hasown@2.0.4 OK for: form-data@4.0.6 want: ^2.0.4
462 silly placeDep ROOT mime-types@2.1.35 OK for: form-data@4.0.6 want: ^2.1.35
463 silly fetch manifest delayed-stream@~1.0.0
464 silly packumentCache full:https://registry.npmjs.org/delayed-stream cache-miss
465 silly fetch manifest es-errors@^1.3.0
466 silly packumentCache full:https://registry.npmjs.org/es-errors cache-miss
467 silly fetch manifest get-intrinsic@^1.2.6
468 silly packumentCache full:https://registry.npmjs.org/get-intrinsic cache-miss
469 silly fetch manifest has-tostringtag@^1.0.2
470 silly packumentCache full:https://registry.npmjs.org/has-tostringtag cache-miss
471 silly fetch manifest hasown@^2.0.2
472 silly packumentCache full:https://registry.npmjs.org/hasown cache-hit
473 silly fetch manifest function-bind@^1.1.2
474 silly packumentCache full:https://registry.npmjs.org/function-bind cache-miss
475 silly fetch manifest mime-db@1.52.0
476 silly packumentCache full:https://registry.npmjs.org/mime-db cache-miss
477 http cache https://registry.npmjs.org/es-errors 27ms (cache hit)
478 silly packumentCache full:https://registry.npmjs.org/es-errors set size:16918 disposed:false
479 http cache https://registry.npmjs.org/function-bind 25ms (cache hit)
480 silly packumentCache full:https://registry.npmjs.org/function-bind set size:15733 disposed:false
481 http cache https://registry.npmjs.org/get-intrinsic 29ms (cache hit)
482 silly packumentCache full:https://registry.npmjs.org/get-intrinsic set size:60985 disposed:false
483 http cache https://registry.npmjs.org/mime-db 30ms (cache hit)
484 silly packumentCache full:https://registry.npmjs.org/mime-db set size:164953 disposed:false
485 http fetch GET 200 https://registry.npmjs.org/delayed-stream 62ms (cache miss)
486 silly packumentCache full:https://registry.npmjs.org/delayed-stream set size:undefined disposed:false
487 http fetch GET 200 https://registry.npmjs.org/has-tostringtag 62ms (cache miss)
488 silly packumentCache full:https://registry.npmjs.org/has-tostringtag set size:undefined disposed:false
489 silly placeDep ROOT delayed-stream@1.0.0 OK for: combined-stream@1.0.8 want: ~1.0.0
490 silly placeDep ROOT es-errors@1.3.0 OK for: es-set-tostringtag@2.1.0 want: ^1.3.0
491 silly placeDep ROOT get-intrinsic@1.3.0 OK for: es-set-tostringtag@2.1.0 want: ^1.2.6
492 silly placeDep ROOT has-tostringtag@1.0.2 OK for: es-set-tostringtag@2.1.0 want: ^1.0.2
493 silly fetch manifest gopd@^1.2.0
494 silly packumentCache full:https://registry.npmjs.org/gopd cache-miss
495 silly fetch manifest get-proto@^1.0.1
496 silly packumentCache full:https://registry.npmjs.org/get-proto cache-miss
497 silly fetch manifest has-symbols@^1.1.0
498 silly packumentCache full:https://registry.npmjs.org/has-symbols cache-miss
499 silly fetch manifest es-object-atoms@^1.1.1
500 silly packumentCache full:https://registry.npmjs.org/es-object-atoms cache-miss
501 silly fetch manifest math-intrinsics@^1.1.0
502 silly packumentCache full:https://registry.npmjs.org/math-intrinsics cache-miss
503 silly fetch manifest es-define-property@^1.0.1
504 silly packumentCache full:https://registry.npmjs.org/es-define-property cache-miss
505 silly fetch manifest call-bind-apply-helpers@^1.0.2
506 silly packumentCache full:https://registry.npmjs.org/call-bind-apply-helpers cache-miss
507 silly fetch manifest has-symbols@^1.0.3
508 silly packumentCache full:https://registry.npmjs.org/has-symbols cache-miss
509 http cache https://registry.npmjs.org/gopd 40ms (cache hit)
510 silly packumentCache full:https://registry.npmjs.org/gopd set size:11483 disposed:false
511 http cache https://registry.npmjs.org/has-symbols 41ms (cache hit)
512 silly packumentCache full:https://registry.npmjs.org/has-symbols set size:21550 disposed:false
513 http cache https://registry.npmjs.org/es-object-atoms 43ms (cache hit)
514 silly packumentCache full:https://registry.npmjs.org/es-object-atoms set size:18278 disposed:false
515 http cache https://registry.npmjs.org/get-proto 46ms (cache hit)
516 silly packumentCache full:https://registry.npmjs.org/get-proto set size:8300 disposed:false
517 http cache https://registry.npmjs.org/es-define-property 45ms (cache hit)
518 silly packumentCache full:https://registry.npmjs.org/es-define-property set size:8542 disposed:false
519 http cache https://registry.npmjs.org/math-intrinsics 48ms (cache hit)
520 silly packumentCache full:https://registry.npmjs.org/math-intrinsics set size:9265 disposed:false
521 http cache https://registry.npmjs.org/has-symbols 48ms (cache hit)
522 silly packumentCache full:https://registry.npmjs.org/has-symbols set size:21550 disposed:false
523 silly packumentCache full:https://registry.npmjs.org/has-symbols dispose
524 http cache https://registry.npmjs.org/call-bind-apply-helpers 50ms (cache hit)
525 silly packumentCache full:https://registry.npmjs.org/call-bind-apply-helpers set size:12744 disposed:false
526 silly placeDep ROOT call-bind-apply-helpers@1.0.2 OK for: get-intrinsic@1.3.0 want: ^1.0.2
527 silly placeDep ROOT es-define-property@1.0.1 OK for: get-intrinsic@1.3.0 want: ^1.0.1
528 silly placeDep ROOT es-object-atoms@1.1.2 OK for: get-intrinsic@1.3.0 want: ^1.1.1
529 silly placeDep ROOT function-bind@1.1.2 OK for: get-intrinsic@1.3.0 want: ^1.1.2
530 silly placeDep ROOT get-proto@1.0.1 OK for: get-intrinsic@1.3.0 want: ^1.0.1
531 silly placeDep ROOT gopd@1.2.0 OK for: get-intrinsic@1.3.0 want: ^1.2.0
532 silly placeDep ROOT has-symbols@1.1.0 OK for: get-intrinsic@1.3.0 want: ^1.1.0
533 silly placeDep ROOT math-intrinsics@1.1.0 OK for: get-intrinsic@1.3.0 want: ^1.1.0
534 silly fetch manifest dunder-proto@^1.0.1
535 silly packumentCache full:https://registry.npmjs.org/dunder-proto cache-miss
536 http cache https://registry.npmjs.org/dunder-proto 10ms (cache hit)
537 silly packumentCache full:https://registry.npmjs.org/dunder-proto set size:8256 disposed:false
538 silly placeDep ROOT dunder-proto@1.0.1 OK for: get-proto@1.0.1 want: ^1.0.1
539 silly placeDep ROOT agent-base@6.0.2 OK for: https-proxy-agent@5.0.1 want: 6
540 silly placeDep ROOT yallist@3.1.1 OK for: lru-cache@5.1.1 want: ^3.0.2
541 silly placeDep ROOT mime-db@1.52.0 OK for: mime-types@2.1.35 want: 1.52.0
542 silly placeDep ROOT loose-envify@1.4.0 OK for: react@18.3.1 want: ^1.1.0
543 silly placeDep ROOT scheduler@0.23.2 OK for: react-dom@18.3.1 want: ^0.23.2
544 silly placeDep ROOT escalade@3.2.0 OK for: update-browserslist-db@1.3.1 want: ^3.2.0
545 silly placeDep ROOT esbuild@0.25.12 OK for: vite@6.4.3 want: ^0.25.0
546 silly placeDep ROOT fdir@6.5.0 OK for: vite@6.4.3 want: ^6.4.4
547 silly placeDep ROOT fsevents@2.3.3 OK for: vite@6.4.3 want: ~2.3.3
548 silly placeDep ROOT picomatch@4.0.5 OK for: vite@6.4.3 want: ^4.0.2
549 silly placeDep ROOT postcss@8.5.26 OK for: vite@6.4.3 want: ^8.5.3
550 silly placeDep ROOT rollup@4.62.4 OK for: vite@6.4.3 want: ^4.34.9
551 silly placeDep ROOT tinyglobby@0.2.17 OK for: vite@6.4.3 want: ^0.2.13
552 silly fetch manifest @esbuild/aix-ppc64@0.25.12
553 silly packumentCache full:https://registry.npmjs.org/@esbuild%2faix-ppc64 cache-miss
554 silly fetch manifest @esbuild/linux-arm@0.25.12
555 silly packumentCache full:https://registry.npmjs.org/@esbuild%2flinux-arm cache-miss
556 silly fetch manifest @esbuild/linux-x64@0.25.12
557 silly packumentCache full:https://registry.npmjs.org/@esbuild%2flinux-x64 cache-miss
558 silly fetch manifest @esbuild/sunos-x64@0.25.12
559 silly packumentCache full:https://registry.npmjs.org/@esbuild%2fsunos-x64 cache-miss
560 silly fetch manifest @esbuild/win32-x64@0.25.12
561 silly packumentCache full:https://registry.npmjs.org/@esbuild%2fwin32-x64 cache-miss
562 silly fetch manifest @esbuild/darwin-x64@0.25.12
563 silly packumentCache full:https://registry.npmjs.org/@esbuild%2fdarwin-x64 cache-miss
564 silly fetch manifest @esbuild/linux-ia32@0.25.12
565 silly packumentCache full:https://registry.npmjs.org/@esbuild%2flinux-ia32 cache-miss
566 silly fetch manifest @esbuild/netbsd-x64@0.25.12
567 silly packumentCache full:https://registry.npmjs.org/@esbuild%2fnetbsd-x64 cache-miss
568 silly fetch manifest @esbuild/win32-ia32@0.25.12
569 silly packumentCache full:https://registry.npmjs.org/@esbuild%2fwin32-ia32 cache-miss
570 silly fetch manifest @esbuild/android-arm@0.25.12
571 silly packumentCache full:https://registry.npmjs.org/@esbuild%2fandroid-arm cache-miss
572 silly fetch manifest @esbuild/android-x64@0.25.12
573 silly packumentCache full:https://registry.npmjs.org/@esbuild%2fandroid-x64 cache-miss
574 http fetch GET 200 https://registry.npmjs.org/@esbuild%2faix-ppc64 118ms (cache miss)
575 silly packumentCache full:https://registry.npmjs.org/@esbuild%2faix-ppc64 set size:undefined disposed:false
576 silly fetch manifest @esbuild/freebsd-x64@0.25.12
577 silly packumentCache full:https://registry.npmjs.org/@esbuild%2ffreebsd-x64 cache-miss
578 http fetch GET 200 https://registry.npmjs.org/@esbuild%2fandroid-arm 252ms (cache miss)
579 silly packumentCache full:https://registry.npmjs.org/@esbuild%2fandroid-arm set size:undefined disposed:false
580 silly fetch manifest @esbuild/linux-arm64@0.25.12
581 silly packumentCache full:https://registry.npmjs.org/@esbuild%2flinux-arm64 cache-miss
582 http fetch GET 200 https://registry.npmjs.org/@esbuild%2flinux-ia32 261ms (cache miss)
583 silly packumentCache full:https://registry.npmjs.org/@esbuild%2flinux-ia32 set size:undefined disposed:false
584 silly fetch manifest @esbuild/linux-ppc64@0.25.12
585 silly packumentCache full:https://registry.npmjs.org/@esbuild%2flinux-ppc64 cache-miss
586 http fetch GET 200 https://registry.npmjs.org/@esbuild%2fnetbsd-x64 269ms (cache miss)
587 silly packumentCache full:https://registry.npmjs.org/@esbuild%2fnetbsd-x64 set size:undefined disposed:false
588 silly fetch manifest @esbuild/linux-s390x@0.25.12
589 silly packumentCache full:https://registry.npmjs.org/@esbuild%2flinux-s390x cache-miss
590 http fetch GET 200 https://registry.npmjs.org/@esbuild%2fandroid-x64 273ms (cache miss)
591 silly packumentCache full:https://registry.npmjs.org/@esbuild%2fandroid-x64 set size:undefined disposed:false
592 silly fetch manifest @esbuild/openbsd-x64@0.25.12
593 silly packumentCache full:https://registry.npmjs.org/@esbuild%2fopenbsd-x64 cache-miss
594 http fetch GET 200 https://registry.npmjs.org/@esbuild%2fwin32-x64 287ms (cache miss)
595 silly packumentCache full:https://registry.npmjs.org/@esbuild%2fwin32-x64 set size:undefined disposed:false
596 silly fetch manifest @esbuild/win32-arm64@0.25.12
597 silly packumentCache full:https://registry.npmjs.org/@esbuild%2fwin32-arm64 cache-miss
598 http fetch GET 200 https://registry.npmjs.org/@esbuild%2fwin32-ia32 288ms (cache miss)
599 silly packumentCache full:https://registry.npmjs.org/@esbuild%2fwin32-ia32 set size:undefined disposed:false
600 silly fetch manifest @esbuild/darwin-arm64@0.25.12
601 silly packumentCache full:https://registry.npmjs.org/@esbuild%2fdarwin-arm64 cache-miss
602 http fetch GET 200 https://registry.npmjs.org/@esbuild%2fdarwin-x64 300ms (cache miss)
603 silly packumentCache full:https://registry.npmjs.org/@esbuild%2fdarwin-x64 set size:undefined disposed:false
604 silly fetch manifest @esbuild/netbsd-arm64@0.25.12
605 silly packumentCache full:https://registry.npmjs.org/@esbuild%2fnetbsd-arm64 cache-miss
606 http fetch GET 200 https://registry.npmjs.org/@esbuild%2flinux-arm 311ms (cache miss)
607 silly packumentCache full:https://registry.npmjs.org/@esbuild%2flinux-arm set size:undefined disposed:false
608 silly fetch manifest @esbuild/android-arm64@0.25.12
609 silly packumentCache full:https://registry.npmjs.org/@esbuild%2fandroid-arm64 cache-miss
610 http fetch GET 200 https://registry.npmjs.org/@esbuild%2fsunos-x64 326ms (cache miss)
611 silly packumentCache full:https://registry.npmjs.org/@esbuild%2fsunos-x64 set size:undefined disposed:false
612 silly fetch manifest @esbuild/freebsd-arm64@0.25.12
613 silly packumentCache full:https://registry.npmjs.org/@esbuild%2ffreebsd-arm64 cache-miss
614 http fetch GET 200 https://registry.npmjs.org/@esbuild%2ffreebsd-x64 217ms (cache miss)
615 silly packumentCache full:https://registry.npmjs.org/@esbuild%2ffreebsd-x64 set size:undefined disposed:false
616 silly fetch manifest @esbuild/linux-loong64@0.25.12
617 silly packumentCache full:https://registry.npmjs.org/@esbuild%2flinux-loong64 cache-miss
618 http fetch GET 200 https://registry.npmjs.org/@esbuild%2flinux-s390x 140ms (cache miss)
619 silly packumentCache full:https://registry.npmjs.org/@esbuild%2flinux-s390x set size:undefined disposed:false
620 silly fetch manifest @esbuild/linux-riscv64@0.25.12
621 silly packumentCache full:https://registry.npmjs.org/@esbuild%2flinux-riscv64 cache-miss
622 http fetch GET 200 https://registry.npmjs.org/@esbuild%2flinux-x64 426ms (cache miss)
623 silly packumentCache full:https://registry.npmjs.org/@esbuild%2flinux-x64 set size:undefined disposed:false
624 silly fetch manifest @esbuild/openbsd-arm64@0.25.12
625 silly packumentCache full:https://registry.npmjs.org/@esbuild%2fopenbsd-arm64 cache-miss
626 http fetch GET 200 https://registry.npmjs.org/@esbuild%2fopenbsd-x64 158ms (cache miss)
627 silly packumentCache full:https://registry.npmjs.org/@esbuild%2fopenbsd-x64 set size:undefined disposed:false
628 silly fetch manifest @esbuild/linux-mips64el@0.25.12
629 silly packumentCache full:https://registry.npmjs.org/@esbuild%2flinux-mips64el cache-miss
630 http fetch GET 200 https://registry.npmjs.org/@esbuild%2fwin32-arm64 166ms (cache miss)
631 silly packumentCache full:https://registry.npmjs.org/@esbuild%2fwin32-arm64 set size:undefined disposed:false
632 silly fetch manifest @esbuild/openharmony-arm64@0.25.12
633 silly packumentCache full:https://registry.npmjs.org/@esbuild%2fopenharmony-arm64 cache-miss
634 http fetch GET 200 https://registry.npmjs.org/@esbuild%2fdarwin-arm64 170ms (cache miss)
635 silly packumentCache full:https://registry.npmjs.org/@esbuild%2fdarwin-arm64 set size:undefined disposed:false
636 silly fetch manifest nanoid@^3.3.17
637 silly packumentCache full:https://registry.npmjs.org/nanoid cache-miss
638 http fetch GET 200 https://registry.npmjs.org/@esbuild%2fandroid-arm64 160ms (cache miss)
639 silly packumentCache full:https://registry.npmjs.org/@esbuild%2fandroid-arm64 set size:undefined disposed:false
640 silly fetch manifest source-map-js@^1.2.1
641 silly packumentCache full:https://registry.npmjs.org/source-map-js cache-miss
642 http fetch GET 200 https://registry.npmjs.org/@esbuild%2ffreebsd-arm64 217ms (cache miss)
643 silly packumentCache full:https://registry.npmjs.org/@esbuild%2ffreebsd-arm64 set size:undefined disposed:false
644 silly fetch manifest @types/estree@1.0.9
645 silly packumentCache full:https://registry.npmjs.org/@types%2festree cache-miss
646 http fetch GET 200 https://registry.npmjs.org/@esbuild%2flinux-arm64 295ms (cache miss)
647 silly packumentCache full:https://registry.npmjs.org/@esbuild%2flinux-arm64 set size:undefined disposed:false
648 silly fetch manifest @rollup/rollup-darwin-x64@4.62.4
649 silly packumentCache full:https://registry.npmjs.org/@rollup%2frollup-darwin-x64 cache-miss
650 http fetch GET 200 https://registry.npmjs.org/@esbuild%2flinux-loong64 220ms (cache miss)
651 silly packumentCache full:https://registry.npmjs.org/@esbuild%2flinux-loong64 set size:undefined disposed:false
652 silly fetch manifest @rollup/rollup-freebsd-x64@4.62.4
653 silly packumentCache full:https://registry.npmjs.org/@rollup%2frollup-freebsd-x64 cache-miss
654 http fetch GET 200 https://registry.npmjs.org/@esbuild%2flinux-mips64el 139ms (cache miss)
655 silly packumentCache full:https://registry.npmjs.org/@esbuild%2flinux-mips64el set size:undefined disposed:false
656 silly fetch manifest @rollup/rollup-openbsd-x64@4.62.4
657 silly packumentCache full:https://registry.npmjs.org/@rollup%2frollup-openbsd-x64 cache-miss
658 http fetch GET 200 https://registry.npmjs.org/@esbuild%2flinux-riscv64 170ms (cache miss)
659 silly packumentCache full:https://registry.npmjs.org/@esbuild%2flinux-riscv64 set size:undefined disposed:false
660 silly fetch manifest @napi-rs/lzma-linux-x64-gnu@1.5.1
661 silly packumentCache full:https://registry.npmjs.org/@napi-rs%2flzma-linux-x64-gnu cache-miss
662 http fetch GET 200 https://registry.npmjs.org/@esbuild%2fopenharmony-arm64 162ms (cache miss)
663 silly packumentCache full:https://registry.npmjs.org/@esbuild%2fopenharmony-arm64 set size:undefined disposed:false
664 silly fetch manifest @rollup/rollup-darwin-arm64@4.62.4
665 silly packumentCache full:https://registry.npmjs.org/@rollup%2frollup-darwin-arm64 cache-miss
666 http fetch GET 200 https://registry.npmjs.org/source-map-js 154ms (cache miss)
667 silly packumentCache full:https://registry.npmjs.org/source-map-js set size:undefined disposed:false
668 silly fetch manifest @rollup/rollup-android-arm64@4.62.4
669 silly packumentCache full:https://registry.npmjs.org/@rollup%2frollup-android-arm64 cache-miss
670 http fetch GET 200 https://registry.npmjs.org/@esbuild%2fnetbsd-arm64 345ms (cache miss)
671 silly packumentCache full:https://registry.npmjs.org/@esbuild%2fnetbsd-arm64 set size:undefined disposed:false
672 silly fetch manifest @rollup/rollup-freebsd-arm64@4.62.4
673 silly packumentCache full:https://registry.npmjs.org/@rollup%2frollup-freebsd-arm64 cache-miss
674 http fetch GET 200 https://registry.npmjs.org/@types%2festree 118ms (cache miss)
675 silly packumentCache full:https://registry.npmjs.org/@types%2festree set size:undefined disposed:false
676 silly fetch manifest @rollup/rollup-linux-x64-gnu@4.62.4
677 silly packumentCache full:https://registry.npmjs.org/@rollup%2frollup-linux-x64-gnu cache-miss
678 http fetch GET 200 https://registry.npmjs.org/nanoid 214ms (cache miss)
679 silly packumentCache full:https://registry.npmjs.org/nanoid set size:undefined disposed:false
680 silly fetch manifest @rollup/rollup-win32-x64-gnu@4.62.4
681 silly packumentCache full:https://registry.npmjs.org/@rollup%2frollup-win32-x64-gnu cache-miss
682 http fetch GET 200 https://registry.npmjs.org/@esbuild%2flinux-ppc64 430ms (cache miss)
683 silly packumentCache full:https://registry.npmjs.org/@esbuild%2flinux-ppc64 set size:undefined disposed:false
684 silly fetch manifest @rollup/rollup-linux-x64-musl@4.62.4
685 silly packumentCache full:https://registry.npmjs.org/@rollup%2frollup-linux-x64-musl cache-miss
686 http fetch GET 200 https://registry.npmjs.org/@rollup%2frollup-openbsd-x64 121ms (cache miss)
687 silly packumentCache full:https://registry.npmjs.org/@rollup%2frollup-openbsd-x64 set size:undefined disposed:false
688 silly fetch manifest @rollup/rollup-win32-x64-msvc@4.62.4
689 silly packumentCache full:https://registry.npmjs.org/@rollup%2frollup-win32-x64-msvc cache-miss
690 http fetch GET 200 https://registry.npmjs.org/@rollup%2frollup-freebsd-arm64 73ms (cache miss)
691 silly packumentCache full:https://registry.npmjs.org/@rollup%2frollup-freebsd-arm64 set size:undefined disposed:false
692 silly fetch manifest @rollup/rollup-linux-arm64-gnu@4.62.4
693 silly packumentCache full:https://registry.npmjs.org/@rollup%2frollup-linux-arm64-gnu cache-miss
694 http fetch GET 200 https://registry.npmjs.org/@rollup%2frollup-android-arm64 115ms (cache miss)
695 silly packumentCache full:https://registry.npmjs.org/@rollup%2frollup-android-arm64 set size:undefined disposed:false
696 silly fetch manifest @rollup/rollup-linux-ppc64-gnu@4.62.4
697 silly packumentCache full:https://registry.npmjs.org/@rollup%2frollup-linux-ppc64-gnu cache-miss
698 http fetch GET 200 https://registry.npmjs.org/@rollup%2frollup-win32-x64-gnu 72ms (cache miss)
699 silly packumentCache full:https://registry.npmjs.org/@rollup%2frollup-win32-x64-gnu set size:undefined disposed:false
700 silly fetch manifest @rollup/rollup-linux-s390x-gnu@4.62.4
701 silly packumentCache full:https://registry.npmjs.org/@rollup%2frollup-linux-s390x-gnu cache-miss
702 http fetch GET 200 https://registry.npmjs.org/@rollup%2frollup-linux-x64-gnu 109ms (cache miss)
703 silly packumentCache full:https://registry.npmjs.org/@rollup%2frollup-linux-x64-gnu set size:undefined disposed:false
704 silly fetch manifest @rollup/rollup-win32-ia32-msvc@4.62.4
705 silly packumentCache full:https://registry.npmjs.org/@rollup%2frollup-win32-ia32-msvc cache-miss
706 http fetch GET 200 https://registry.npmjs.org/@napi-rs%2flzma-linux-x64-gnu 212ms (cache miss)
707 silly packumentCache full:https://registry.npmjs.org/@napi-rs%2flzma-linux-x64-gnu set size:undefined disposed:false
708 silly fetch manifest @rollup/rollup-android-arm-eabi@4.62.4
709 silly packumentCache full:https://registry.npmjs.org/@rollup%2frollup-android-arm-eabi cache-miss
710 http fetch GET 200 https://registry.npmjs.org/@rollup%2frollup-win32-x64-msvc 104ms (cache miss)
711 silly packumentCache full:https://registry.npmjs.org/@rollup%2frollup-win32-x64-msvc set size:undefined disposed:false
712 silly fetch manifest @rollup/rollup-linux-arm64-musl@4.62.4
713 silly packumentCache full:https://registry.npmjs.org/@rollup%2frollup-linux-arm64-musl cache-miss
714 http fetch GET 200 https://registry.npmjs.org/@rollup%2frollup-linux-arm64-gnu 107ms (cache miss)
715 silly packumentCache full:https://registry.npmjs.org/@rollup%2frollup-linux-arm64-gnu set size:undefined disposed:false
716 silly fetch manifest @rollup/rollup-linux-ppc64-musl@4.62.4
717 silly packumentCache full:https://registry.npmjs.org/@rollup%2frollup-linux-ppc64-musl cache-miss
718 http fetch GET 200 https://registry.npmjs.org/@rollup%2frollup-linux-ppc64-gnu 92ms (cache miss)
719 silly packumentCache full:https://registry.npmjs.org/@rollup%2frollup-linux-ppc64-gnu set size:undefined disposed:false
720 silly fetch manifest @rollup/rollup-win32-arm64-msvc@4.62.4
721 silly packumentCache full:https://registry.npmjs.org/@rollup%2frollup-win32-arm64-msvc cache-miss
722 http fetch GET 200 https://registry.npmjs.org/@rollup%2frollup-darwin-x64 311ms (cache miss)
723 silly packumentCache full:https://registry.npmjs.org/@rollup%2frollup-darwin-x64 set size:undefined disposed:false
724 silly fetch manifest @rollup/rollup-linux-loong64-gnu@4.62.4
725 silly packumentCache full:https://registry.npmjs.org/@rollup%2frollup-linux-loong64-gnu cache-miss
726 http fetch GET 200 https://registry.npmjs.org/@rollup%2frollup-linux-s390x-gnu 137ms (cache miss)
727 silly packumentCache full:https://registry.npmjs.org/@rollup%2frollup-linux-s390x-gnu set size:undefined disposed:false
728 silly fetch manifest @rollup/rollup-linux-riscv64-gnu@4.62.4
729 silly packumentCache full:https://registry.npmjs.org/@rollup%2frollup-linux-riscv64-gnu cache-miss
730 http fetch GET 200 https://registry.npmjs.org/@rollup%2frollup-linux-ppc64-musl 78ms (cache miss)
731 silly packumentCache full:https://registry.npmjs.org/@rollup%2frollup-linux-ppc64-musl set size:undefined disposed:false
732 silly fetch manifest @rollup/rollup-openharmony-arm64@4.62.4
733 silly packumentCache full:https://registry.npmjs.org/@rollup%2frollup-openharmony-arm64 cache-miss
734 http fetch GET 200 https://registry.npmjs.org/@rollup%2frollup-win32-ia32-msvc 146ms (cache miss)
735 silly packumentCache full:https://registry.npmjs.org/@rollup%2frollup-win32-ia32-msvc set size:undefined disposed:false
736 silly fetch manifest @rollup/rollup-linux-loong64-musl@4.62.4
737 silly packumentCache full:https://registry.npmjs.org/@rollup%2frollup-linux-loong64-musl cache-miss
738 http fetch GET 200 https://registry.npmjs.org/@rollup%2frollup-linux-loong64-gnu 91ms (cache miss)
739 silly packumentCache full:https://registry.npmjs.org/@rollup%2frollup-linux-loong64-gnu set size:undefined disposed:false
740 silly fetch manifest @rollup/rollup-linux-riscv64-musl@4.62.4
741 silly packumentCache full:https://registry.npmjs.org/@rollup%2frollup-linux-riscv64-musl cache-miss
742 http fetch GET 200 https://registry.npmjs.org/@esbuild%2fopenbsd-arm64 558ms (cache miss)
743 silly packumentCache full:https://registry.npmjs.org/@esbuild%2fopenbsd-arm64 set size:undefined disposed:false
744 silly fetch manifest @rollup/rollup-linux-arm-gnueabihf@4.62.4
745 silly packumentCache full:https://registry.npmjs.org/@rollup%2frollup-linux-arm-gnueabihf cache-miss
746 http fetch GET 200 https://registry.npmjs.org/@rollup%2frollup-win32-arm64-msvc 143ms (cache miss)
747 silly packumentCache full:https://registry.npmjs.org/@rollup%2frollup-win32-arm64-msvc set size:undefined disposed:false
748 silly fetch manifest @rollup/rollup-linux-arm-musleabihf@4.62.4
749 silly packumentCache full:https://registry.npmjs.org/@rollup%2frollup-linux-arm-musleabihf cache-miss
750 http fetch GET 200 https://registry.npmjs.org/@rollup%2frollup-darwin-arm64 388ms (cache miss)
751 silly packumentCache full:https://registry.npmjs.org/@rollup%2frollup-darwin-arm64 set size:undefined disposed:false
752 http fetch GET 200 https://registry.npmjs.org/@rollup%2frollup-linux-loong64-musl 82ms (cache miss)
753 silly packumentCache full:https://registry.npmjs.org/@rollup%2frollup-linux-loong64-musl set size:undefined disposed:false
754 http fetch GET 200 https://registry.npmjs.org/@rollup%2frollup-openharmony-arm64 106ms (cache miss)
755 silly packumentCache full:https://registry.npmjs.org/@rollup%2frollup-openharmony-arm64 set size:undefined disposed:false
756 http fetch GET 200 https://registry.npmjs.org/@rollup%2frollup-linux-riscv64-gnu 129ms (cache miss)
757 silly packumentCache full:https://registry.npmjs.org/@rollup%2frollup-linux-riscv64-gnu set size:undefined disposed:false
758 http fetch GET 200 https://registry.npmjs.org/@rollup%2frollup-linux-x64-musl 397ms (cache miss)
759 silly packumentCache full:https://registry.npmjs.org/@rollup%2frollup-linux-x64-musl set size:undefined disposed:false
760 http fetch GET 200 https://registry.npmjs.org/@rollup%2frollup-linux-arm-gnueabihf 125ms (cache miss)
761 silly packumentCache full:https://registry.npmjs.org/@rollup%2frollup-linux-arm-gnueabihf set size:undefined disposed:false
762 http fetch GET 200 https://registry.npmjs.org/@rollup%2frollup-linux-arm-musleabihf 114ms (cache miss)
763 silly packumentCache full:https://registry.npmjs.org/@rollup%2frollup-linux-arm-musleabihf set size:undefined disposed:false
764 http fetch GET 200 https://registry.npmjs.org/@rollup%2frollup-android-arm-eabi 366ms (cache miss)
765 silly packumentCache full:https://registry.npmjs.org/@rollup%2frollup-android-arm-eabi set size:undefined disposed:false
766 http fetch GET 200 https://registry.npmjs.org/@rollup%2frollup-linux-arm64-musl 362ms (cache miss)
767 silly packumentCache full:https://registry.npmjs.org/@rollup%2frollup-linux-arm64-musl set size:undefined disposed:false
768 http fetch GET 200 https://registry.npmjs.org/@rollup%2frollup-linux-riscv64-musl 314ms (cache miss)
769 silly packumentCache full:https://registry.npmjs.org/@rollup%2frollup-linux-riscv64-musl set size:undefined disposed:false
770 http fetch GET 200 https://registry.npmjs.org/@rollup%2frollup-freebsd-x64 779ms (cache miss)
771 silly packumentCache full:https://registry.npmjs.org/@rollup%2frollup-freebsd-x64 set size:undefined disposed:false
772 silly placeDep ROOT @esbuild/aix-ppc64@0.25.12 OK for: esbuild@0.25.12 want: 0.25.12
773 silly placeDep ROOT @esbuild/android-arm@0.25.12 OK for: esbuild@0.25.12 want: 0.25.12
774 silly placeDep ROOT @esbuild/android-arm64@0.25.12 OK for: esbuild@0.25.12 want: 0.25.12
775 silly placeDep ROOT @esbuild/android-x64@0.25.12 OK for: esbuild@0.25.12 want: 0.25.12
776 silly placeDep ROOT @esbuild/darwin-arm64@0.25.12 OK for: esbuild@0.25.12 want: 0.25.12
777 silly placeDep ROOT @esbuild/darwin-x64@0.25.12 OK for: esbuild@0.25.12 want: 0.25.12
778 silly placeDep ROOT @esbuild/freebsd-arm64@0.25.12 OK for: esbuild@0.25.12 want: 0.25.12
779 silly placeDep ROOT @esbuild/freebsd-x64@0.25.12 OK for: esbuild@0.25.12 want: 0.25.12
780 silly placeDep ROOT @esbuild/linux-arm@0.25.12 OK for: esbuild@0.25.12 want: 0.25.12
781 silly placeDep ROOT @esbuild/linux-arm64@0.25.12 OK for: esbuild@0.25.12 want: 0.25.12
782 silly placeDep ROOT @esbuild/linux-ia32@0.25.12 OK for: esbuild@0.25.12 want: 0.25.12
783 silly placeDep ROOT @esbuild/linux-loong64@0.25.12 OK for: esbuild@0.25.12 want: 0.25.12
784 silly placeDep ROOT @esbuild/linux-mips64el@0.25.12 OK for: esbuild@0.25.12 want: 0.25.12
785 silly placeDep ROOT @esbuild/linux-ppc64@0.25.12 OK for: esbuild@0.25.12 want: 0.25.12
786 silly placeDep ROOT @esbuild/linux-riscv64@0.25.12 OK for: esbuild@0.25.12 want: 0.25.12
787 silly placeDep ROOT @esbuild/linux-s390x@0.25.12 OK for: esbuild@0.25.12 want: 0.25.12
788 silly placeDep ROOT @esbuild/linux-x64@0.25.12 OK for: esbuild@0.25.12 want: 0.25.12
789 silly placeDep ROOT @esbuild/netbsd-arm64@0.25.12 OK for: esbuild@0.25.12 want: 0.25.12
790 silly placeDep ROOT @esbuild/netbsd-x64@0.25.12 OK for: esbuild@0.25.12 want: 0.25.12
791 silly placeDep ROOT @esbuild/openbsd-arm64@0.25.12 OK for: esbuild@0.25.12 want: 0.25.12
792 silly placeDep ROOT @esbuild/openbsd-x64@0.25.12 OK for: esbuild@0.25.12 want: 0.25.12
793 silly placeDep ROOT @esbuild/openharmony-arm64@0.25.12 OK for: esbuild@0.25.12 want: 0.25.12
794 silly placeDep ROOT @esbuild/sunos-x64@0.25.12 OK for: esbuild@0.25.12 want: 0.25.12
795 silly placeDep ROOT @esbuild/win32-arm64@0.25.12 OK for: esbuild@0.25.12 want: 0.25.12
796 silly placeDep ROOT @esbuild/win32-ia32@0.25.12 OK for: esbuild@0.25.12 want: 0.25.12
797 silly placeDep ROOT @esbuild/win32-x64@0.25.12 OK for: esbuild@0.25.12 want: 0.25.12
798 silly placeDep ROOT nanoid@3.3.18 OK for: postcss@8.5.26 want: ^3.3.17
799 silly placeDep ROOT source-map-js@1.2.1 OK for: postcss@8.5.26 want: ^1.2.1
800 silly placeDep ROOT @napi-rs/lzma-linux-x64-gnu@1.5.1 OK for: rollup@4.62.4 want: 1.5.1
801 silly placeDep ROOT @rollup/rollup-android-arm-eabi@4.62.4 OK for: rollup@4.62.4 want: 4.62.4
802 silly placeDep ROOT @rollup/rollup-android-arm64@4.62.4 OK for: rollup@4.62.4 want: 4.62.4
803 silly placeDep ROOT @rollup/rollup-darwin-arm64@4.62.4 OK for: rollup@4.62.4 want: 4.62.4
804 silly placeDep ROOT @rollup/rollup-darwin-x64@4.62.4 OK for: rollup@4.62.4 want: 4.62.4
805 silly placeDep ROOT @rollup/rollup-freebsd-arm64@4.62.4 OK for: rollup@4.62.4 want: 4.62.4
806 silly placeDep ROOT @rollup/rollup-freebsd-x64@4.62.4 OK for: rollup@4.62.4 want: 4.62.4
807 silly placeDep ROOT @rollup/rollup-linux-arm-gnueabihf@4.62.4 OK for: rollup@4.62.4 want: 4.62.4
808 silly placeDep ROOT @rollup/rollup-linux-arm-musleabihf@4.62.4 OK for: rollup@4.62.4 want: 4.62.4
809 silly placeDep ROOT @rollup/rollup-linux-arm64-gnu@4.62.4 OK for: rollup@4.62.4 want: 4.62.4
810 silly placeDep ROOT @rollup/rollup-linux-arm64-musl@4.62.4 OK for: rollup@4.62.4 want: 4.62.4
811 silly placeDep ROOT @rollup/rollup-linux-loong64-gnu@4.62.4 OK for: rollup@4.62.4 want: 4.62.4
812 silly placeDep ROOT @rollup/rollup-linux-loong64-musl@4.62.4 OK for: rollup@4.62.4 want: 4.62.4
813 silly placeDep ROOT @rollup/rollup-linux-ppc64-gnu@4.62.4 OK for: rollup@4.62.4 want: 4.62.4
814 silly placeDep ROOT @rollup/rollup-linux-ppc64-musl@4.62.4 OK for: rollup@4.62.4 want: 4.62.4
815 silly placeDep ROOT @rollup/rollup-linux-riscv64-gnu@4.62.4 OK for: rollup@4.62.4 want: 4.62.4
816 silly placeDep ROOT @rollup/rollup-linux-riscv64-musl@4.62.4 OK for: rollup@4.62.4 want: 4.62.4
817 silly placeDep ROOT @rollup/rollup-linux-s390x-gnu@4.62.4 OK for: rollup@4.62.4 want: 4.62.4
818 silly placeDep ROOT @rollup/rollup-linux-x64-gnu@4.62.4 OK for: rollup@4.62.4 want: 4.62.4
819 silly placeDep ROOT @rollup/rollup-linux-x64-musl@4.62.4 OK for: rollup@4.62.4 want: 4.62.4
820 silly placeDep ROOT @rollup/rollup-openbsd-x64@4.62.4 OK for: rollup@4.62.4 want: 4.62.4
821 silly placeDep ROOT @rollup/rollup-openharmony-arm64@4.62.4 OK for: rollup@4.62.4 want: 4.62.4
822 silly placeDep ROOT @rollup/rollup-win32-arm64-msvc@4.62.4 OK for: rollup@4.62.4 want: 4.62.4
823 silly placeDep ROOT @rollup/rollup-win32-ia32-msvc@4.62.4 OK for: rollup@4.62.4 want: 4.62.4
824 silly placeDep ROOT @rollup/rollup-win32-x64-gnu@4.62.4 OK for: rollup@4.62.4 want: 4.62.4
825 silly placeDep ROOT @rollup/rollup-win32-x64-msvc@4.62.4 OK for: rollup@4.62.4 want: 4.62.4
826 silly placeDep ROOT @types/estree@1.0.9 OK for: rollup@4.62.4 want: 1.0.9
827 silly reify moves {}
828 silly audit bulk request {
828 silly audit   '@vitejs/plugin-react': [ '4.7.0' ],
828 silly audit   vite: [ '6.4.3' ],
828 silly audit   axios: [ '1.19.0' ],
828 silly audit   react: [ '18.3.1' ],
828 silly audit   'react-dom': [ '18.3.1' ],
828 silly audit   '@babel/core': [ '7.29.7' ],
828 silly audit   '@babel/plugin-transform-react-jsx-self': [ '7.29.7' ],
828 silly audit   '@babel/plugin-transform-react-jsx-source': [ '7.29.7' ],
828 silly audit   '@rolldown/pluginutils': [ '1.0.0-beta.27' ],
828 silly audit   '@types/babel__core': [ '7.20.5' ],
828 silly audit   'react-refresh': [ '0.17.0' ],
828 silly audit   '@babel/code-frame': [ '7.29.7' ],
828 silly audit   '@babel/generator': [ '7.29.8' ],
828 silly audit   '@babel/helper-compilation-targets': [ '7.29.7' ],
828 silly audit   '@babel/helper-module-transforms': [ '7.29.7' ],
828 silly audit   '@babel/helpers': [ '7.29.7' ],
828 silly audit   '@babel/parser': [ '7.29.8' ],
828 silly audit   '@babel/template': [ '7.29.7' ],
828 silly audit   '@babel/traverse': [ '7.29.8' ],
828 silly audit   '@babel/types': [ '7.29.8' ],
828 silly audit   '@jridgewell/remapping': [ '2.3.5' ],
828 silly audit   'convert-source-map': [ '2.0.0' ],
828 silly audit   debug: [ '4.4.3' ],
828 silly audit   gensync: [ '1.0.0-beta.2' ],
828 silly audit   json5: [ '2.2.3' ],
828 silly audit   semver: [ '6.3.1' ],
828 silly audit   '@babel/helper-validator-identifier': [ '7.29.7' ],
828 silly audit   'js-tokens': [ '4.0.0' ],
828 silly audit   picocolors: [ '1.1.1' ],
828 silly audit   '@jridgewell/gen-mapping': [ '0.3.13' ],
828 silly audit   '@jridgewell/trace-mapping': [ '0.3.31' ],
828 silly audit   jsesc: [ '3.1.0' ],
828 silly audit   '@babel/compat-data': [ '7.29.7' ],
828 silly audit   '@babel/helper-validator-option': [ '7.29.7' ],
828 silly audit   browserslist: [ '4.28.8' ],
828 silly audit   'lru-cache': [ '5.1.1' ],
828 silly audit   '@babel/helper-module-imports': [ '7.29.7' ],
828 silly audit   '@babel/helper-plugin-utils': [ '7.29.7' ],
828 silly audit   '@babel/helper-globals': [ '7.29.7' ],
828 silly audit   '@babel/helper-string-parser': [ '7.29.7' ],
828 silly audit   '@jridgewell/sourcemap-codec': [ '1.5.5' ],
828 silly audit   '@jridgewell/resolve-uri': [ '3.1.2' ],
828 silly audit   '@types/babel__generator': [ '7.27.0' ],
828 silly audit   '@types/babel__template': [ '7.4.4' ],
828 silly audit   '@types/babel__traverse': [ '7.28.0' ],
828 silly audit   'follow-redirects': [ '1.16.0' ],
828 silly audit   'form-data': [ '4.0.6' ],
828 silly audit   'https-proxy-agent': [ '5.0.1' ],
828 silly audit   'proxy-from-env': [ '2.1.0' ],
828 silly audit   'baseline-browser-mapping': [ '2.11.14' ],
828 silly audit   'caniuse-lite': [ '1.0.30001809' ],
828 silly audit   'electron-to-chromium': [ '1.5.407' ],
828 silly audit   'node-releases': [ '2.0.53' ],
828 silly audit   'update-browserslist-db': [ '1.3.1' ],
828 silly audit   ms: [ '2.1.3' ],
828 silly audit   asynckit: [ '0.4.0' ],
828 silly audit   'combined-stream': [ '1.0.8' ],
828 silly audit   'es-set-tostringtag': [ '2.1.0' ],
828 silly audit   hasown: [ '2.0.4' ],
828 silly audit   'mime-types': [ '2.1.35' ],
828 silly audit   'delayed-stream': [ '1.0.0' ],
828 silly audit   'es-errors': [ '1.3.0' ],
828 silly audit   'get-intrinsic': [ '1.3.0' ],
828 silly audit   'has-tostringtag': [ '1.0.2' ],
828 silly audit   'call-bind-apply-helpers': [ '1.0.2' ],
828 silly audit   'es-define-property': [ '1.0.1' ],
828 silly audit   'es-object-atoms': [ '1.1.2' ],
828 silly audit   'function-bind': [ '1.1.2' ],
828 silly audit   'get-proto': [ '1.0.1' ],
828 silly audit   gopd: [ '1.2.0' ],
828 silly audit   'has-symbols': [ '1.1.0' ],
828 silly audit   'math-intrinsics': [ '1.1.0' ],
828 silly audit   'dunder-proto': [ '1.0.1' ],
828 silly audit   'agent-base': [ '6.0.2' ],
828 silly audit   yallist: [ '3.1.1' ],
828 silly audit   'mime-db': [ '1.52.0' ],
828 silly audit   'loose-envify': [ '1.4.0' ],
828 silly audit   scheduler: [ '0.23.2' ],
828 silly audit   escalade: [ '3.2.0' ],
828 silly audit   esbuild: [ '0.25.12' ],
828 silly audit   fdir: [ '6.5.0' ],
828 silly audit   fsevents: [ '2.3.3' ],
828 silly audit   picomatch: [ '4.0.5' ],
828 silly audit   postcss: [ '8.5.26' ],
828 silly audit   rollup: [ '4.62.4' ],
828 silly audit   tinyglobby: [ '0.2.17' ],
828 silly audit   '@esbuild/aix-ppc64': [ '0.25.12' ],
828 silly audit   '@esbuild/android-arm': [ '0.25.12' ],
828 silly audit   '@esbuild/android-arm64': [ '0.25.12' ],
828 silly audit   '@esbuild/android-x64': [ '0.25.12' ],
828 silly audit   '@esbuild/darwin-arm64': [ '0.25.12' ],
828 silly audit   '@esbuild/darwin-x64': [ '0.25.12' ],
828 silly audit   '@esbuild/freebsd-arm64': [ '0.25.12' ],
828 silly audit   '@esbuild/freebsd-x64': [ '0.25.12' ],
828 silly audit   '@esbuild/linux-arm': [ '0.25.12' ],
828 silly audit   '@esbuild/linux-arm64': [ '0.25.12' ],
828 silly audit   '@esbuild/linux-ia32': [ '0.25.12' ],
828 silly audit   '@esbuild/linux-loong64': [ '0.25.12' ],
828 silly audit   '@esbuild/linux-mips64el': [ '0.25.12' ],
828 silly audit   '@esbuild/linux-ppc64': [ '0.25.12' ],
828 silly audit   '@esbuild/linux-riscv64': [ '0.25.12' ],
828 silly audit   '@esbuild/linux-s390x': [ '0.25.12' ],
828 silly audit   '@esbuild/linux-x64': [ '0.25.12' ],
828 silly audit   '@esbuild/netbsd-arm64': [ '0.25.12' ],
828 silly audit   '@esbuild/netbsd-x64': [ '0.25.12' ],
828 silly audit   '@esbuild/openbsd-arm64': [ '0.25.12' ],
828 silly audit   '@esbuild/openbsd-x64': [ '0.25.12' ],
828 silly audit   '@esbuild/openharmony-arm64': [ '0.25.12' ],
828 silly audit   '@esbuild/sunos-x64': [ '0.25.12' ],
828 silly audit   '@esbuild/win32-arm64': [ '0.25.12' ],
828 silly audit   '@esbuild/win32-ia32': [ '0.25.12' ],
828 silly audit   '@esbuild/win32-x64': [ '0.25.12' ],
828 silly audit   nanoid: [ '3.3.18' ],
828 silly audit   'source-map-js': [ '1.2.1' ],
828 silly audit   '@napi-rs/lzma-linux-x64-gnu': [ '1.5.1' ],
828 silly audit   '@rollup/rollup-android-arm-eabi': [ '4.62.4' ],
828 silly audit   '@rollup/rollup-android-arm64': [ '4.62.4' ],
828 silly audit   '@rollup/rollup-darwin-arm64': [ '4.62.4' ],
828 silly audit   '@rollup/rollup-darwin-x64': [ '4.62.4' ],
828 silly audit   '@rollup/rollup-freebsd-arm64': [ '4.62.4' ],
828 silly audit   '@rollup/rollup-freebsd-x64': [ '4.62.4' ],
828 silly audit   '@rollup/rollup-linux-arm-gnueabihf': [ '4.62.4' ],
828 silly audit   '@rollup/rollup-linux-arm-musleabihf': [ '4.62.4' ],
828 silly audit   '@rollup/rollup-linux-arm64-gnu': [ '4.62.4' ],
828 silly audit   '@rollup/rollup-linux-arm64-musl': [ '4.62.4' ],
828 silly audit   '@rollup/rollup-linux-loong64-gnu': [ '4.62.4' ],
828 silly audit   '@rollup/rollup-linux-loong64-musl': [ '4.62.4' ],
828 silly audit   '@rollup/rollup-linux-ppc64-gnu': [ '4.62.4' ],
828 silly audit   '@rollup/rollup-linux-ppc64-musl': [ '4.62.4' ],
828 silly audit   '@rollup/rollup-linux-riscv64-gnu': [ '4.62.4' ],
828 silly audit   '@rollup/rollup-linux-riscv64-musl': [ '4.62.4' ],
828 silly audit   '@rollup/rollup-linux-s390x-gnu': [ '4.62.4' ],
828 silly audit   '@rollup/rollup-linux-x64-gnu': [ '4.62.4' ],
828 silly audit   '@rollup/rollup-linux-x64-musl': [ '4.62.4' ],
828 silly audit   '@rollup/rollup-openbsd-x64': [ '4.62.4' ],
828 silly audit   '@rollup/rollup-openharmony-arm64': [ '4.62.4' ],
828 silly audit   '@rollup/rollup-win32-arm64-msvc': [ '4.62.4' ],
828 silly audit   '@rollup/rollup-win32-ia32-msvc': [ '4.62.4' ],
828 silly audit   '@rollup/rollup-win32-x64-gnu': [ '4.62.4' ],
828 silly audit   '@rollup/rollup-win32-x64-msvc': [ '4.62.4' ],
828 silly audit   '@types/estree': [ '1.0.9' ]
828 silly audit }
829 http cache @types/estree@https://registry.npmjs.org/@types/estree/-/estree-1.0.9.tgz 0ms (cache hit)
830 http cache nanoid@https://registry.npmjs.org/nanoid/-/nanoid-3.3.18.tgz 0ms (cache hit)
831 http cache @rollup/rollup-win32-x64-msvc@https://registry.npmjs.org/@rollup/rollup-win32-x64-msvc/-/rollup-win32-x64-msvc-4.62.4.tgz 0ms (cache hit)
832 http cache @rollup/rollup-win32-x64-gnu@https://registry.npmjs.org/@rollup/rollup-win32-x64-gnu/-/rollup-win32-x64-gnu-4.62.4.tgz 0ms (cache hit)
833 http cache @esbuild/win32-x64@https://registry.npmjs.org/@esbuild/win32-x64/-/win32-x64-0.25.12.tgz 0ms (cache hit)
834 http cache source-map-js@https://registry.npmjs.org/source-map-js/-/source-map-js-1.2.1.tgz 0ms (cache hit)
835 http cache rollup@https://registry.npmjs.org/rollup/-/rollup-4.62.4.tgz 0ms (cache hit)
836 http cache tinyglobby@https://registry.npmjs.org/tinyglobby/-/tinyglobby-0.2.17.tgz 0ms (cache hit)
837 http cache postcss@https://registry.npmjs.org/postcss/-/postcss-8.5.26.tgz 0ms (cache hit)
838 http cache picomatch@https://registry.npmjs.org/picomatch/-/picomatch-4.0.5.tgz 0ms (cache hit)
839 http cache fdir@https://registry.npmjs.org/fdir/-/fdir-6.5.0.tgz 0ms (cache hit)
840 http cache esbuild@https://registry.npmjs.org/esbuild/-/esbuild-0.25.12.tgz 0ms (cache hit)
841 http cache escalade@https://registry.npmjs.org/escalade/-/escalade-3.2.0.tgz 0ms (cache hit)
842 http cache scheduler@https://registry.npmjs.org/scheduler/-/scheduler-0.23.2.tgz 0ms (cache hit)
843 http cache loose-envify@https://registry.npmjs.org/loose-envify/-/loose-envify-1.4.0.tgz 0ms (cache hit)
844 http cache mime-db@https://registry.npmjs.org/mime-db/-/mime-db-1.52.0.tgz 0ms (cache hit)
845 http cache yallist@https://registry.npmjs.org/yallist/-/yallist-3.1.1.tgz 0ms (cache hit)
846 http cache agent-base@https://registry.npmjs.org/agent-base/-/agent-base-6.0.2.tgz 0ms (cache hit)
847 http cache dunder-proto@https://registry.npmjs.org/dunder-proto/-/dunder-proto-1.0.1.tgz 0ms (cache hit)
848 http cache math-intrinsics@https://registry.npmjs.org/math-intrinsics/-/math-intrinsics-1.1.0.tgz 0ms (cache hit)
849 http cache has-symbols@https://registry.npmjs.org/has-symbols/-/has-symbols-1.1.0.tgz 0ms (cache hit)
850 http cache gopd@https://registry.npmjs.org/gopd/-/gopd-1.2.0.tgz 0ms (cache hit)
851 http cache get-proto@https://registry.npmjs.org/get-proto/-/get-proto-1.0.1.tgz 0ms (cache hit)
852 http cache function-bind@https://registry.npmjs.org/function-bind/-/function-bind-1.1.2.tgz 0ms (cache hit)
853 http cache es-object-atoms@https://registry.npmjs.org/es-object-atoms/-/es-object-atoms-1.1.2.tgz 0ms (cache hit)
854 http cache es-define-property@https://registry.npmjs.org/es-define-property/-/es-define-property-1.0.1.tgz 0ms (cache hit)
855 http cache call-bind-apply-helpers@https://registry.npmjs.org/call-bind-apply-helpers/-/call-bind-apply-helpers-1.0.2.tgz 0ms (cache hit)
856 http cache has-tostringtag@https://registry.npmjs.org/has-tostringtag/-/has-tostringtag-1.0.2.tgz 0ms (cache hit)
857 http cache get-intrinsic@https://registry.npmjs.org/get-intrinsic/-/get-intrinsic-1.3.0.tgz 0ms (cache hit)
858 http cache es-errors@https://registry.npmjs.org/es-errors/-/es-errors-1.3.0.tgz 0ms (cache hit)
859 http cache delayed-stream@https://registry.npmjs.org/delayed-stream/-/delayed-stream-1.0.0.tgz 0ms (cache hit)
860 http cache mime-types@https://registry.npmjs.org/mime-types/-/mime-types-2.1.35.tgz 0ms (cache hit)
861 http cache hasown@https://registry.npmjs.org/hasown/-/hasown-2.0.4.tgz 0ms (cache hit)
862 http cache combined-stream@https://registry.npmjs.org/combined-stream/-/combined-stream-1.0.8.tgz 0ms (cache hit)
863 http cache es-set-tostringtag@https://registry.npmjs.org/es-set-tostringtag/-/es-set-tostringtag-2.1.0.tgz 0ms (cache hit)
864 http cache asynckit@https://registry.npmjs.org/asynckit/-/asynckit-0.4.0.tgz 0ms (cache hit)
865 http cache ms@https://registry.npmjs.org/ms/-/ms-2.1.3.tgz 0ms (cache hit)
866 http cache node-releases@https://registry.npmjs.org/node-releases/-/node-releases-2.0.53.tgz 0ms (cache hit)
867 http cache update-browserslist-db@https://registry.npmjs.org/update-browserslist-db/-/update-browserslist-db-1.3.1.tgz 0ms (cache hit)
868 http cache electron-to-chromium@https://registry.npmjs.org/electron-to-chromium/-/electron-to-chromium-1.5.407.tgz 0ms (cache hit)
869 http cache caniuse-lite@https://registry.npmjs.org/caniuse-lite/-/caniuse-lite-1.0.30001809.tgz 0ms (cache hit)
870 http cache proxy-from-env@https://registry.npmjs.org/proxy-from-env/-/proxy-from-env-2.1.0.tgz 0ms (cache hit)
871 http cache baseline-browser-mapping@https://registry.npmjs.org/baseline-browser-mapping/-/baseline-browser-mapping-2.11.14.tgz 0ms (cache hit)
872 http cache https-proxy-agent@https://registry.npmjs.org/https-proxy-agent/-/https-proxy-agent-5.0.1.tgz 0ms (cache hit)
873 http cache @types/babel__traverse@https://registry.npmjs.org/@types/babel__traverse/-/babel__traverse-7.28.0.tgz 0ms (cache hit)
874 http cache form-data@https://registry.npmjs.org/form-data/-/form-data-4.0.6.tgz 0ms (cache hit)
875 http cache follow-redirects@https://registry.npmjs.org/follow-redirects/-/follow-redirects-1.16.0.tgz 0ms (cache hit)
876 http cache @types/babel__template@https://registry.npmjs.org/@types/babel__template/-/babel__template-7.4.4.tgz 0ms (cache hit)
877 http cache @jridgewell/resolve-uri@https://registry.npmjs.org/@jridgewell/resolve-uri/-/resolve-uri-3.1.2.tgz 0ms (cache hit)
878 http cache @types/babel__generator@https://registry.npmjs.org/@types/babel__generator/-/babel__generator-7.27.0.tgz 0ms (cache hit)
879 http cache @jridgewell/sourcemap-codec@https://registry.npmjs.org/@jridgewell/sourcemap-codec/-/sourcemap-codec-1.5.5.tgz 0ms (cache hit)
880 http cache @babel/helper-string-parser@https://registry.npmjs.org/@babel/helper-string-parser/-/helper-string-parser-7.29.7.tgz 0ms (cache hit)
881 http cache @babel/helper-globals@https://registry.npmjs.org/@babel/helper-globals/-/helper-globals-7.29.7.tgz 0ms (cache hit)
882 http cache @babel/helper-plugin-utils@https://registry.npmjs.org/@babel/helper-plugin-utils/-/helper-plugin-utils-7.29.7.tgz 0ms (cache hit)
883 http cache @babel/helper-module-imports@https://registry.npmjs.org/@babel/helper-module-imports/-/helper-module-imports-7.29.7.tgz 0ms (cache hit)
884 http cache lru-cache@https://registry.npmjs.org/lru-cache/-/lru-cache-5.1.1.tgz 0ms (cache hit)
885 http cache browserslist@https://registry.npmjs.org/browserslist/-/browserslist-4.28.8.tgz 0ms (cache hit)
886 http cache @babel/compat-data@https://registry.npmjs.org/@babel/compat-data/-/compat-data-7.29.7.tgz 0ms (cache hit)
887 http cache @babel/helper-validator-option@https://registry.npmjs.org/@babel/helper-validator-option/-/helper-validator-option-7.29.7.tgz 0ms (cache hit)
888 http cache @jridgewell/trace-mapping@https://registry.npmjs.org/@jridgewell/trace-mapping/-/trace-mapping-0.3.31.tgz 0ms (cache hit)
889 http cache @babel/helper-validator-identifier@https://registry.npmjs.org/@babel/helper-validator-identifier/-/helper-validator-identifier-7.29.7.tgz 0ms (cache hit)
890 http cache @jridgewell/gen-mapping@https://registry.npmjs.org/@jridgewell/gen-mapping/-/gen-mapping-0.3.13.tgz 0ms (cache hit)
891 http cache jsesc@https://registry.npmjs.org/jsesc/-/jsesc-3.1.0.tgz 0ms (cache hit)
892 http cache picocolors@https://registry.npmjs.org/picocolors/-/picocolors-1.1.1.tgz 0ms (cache hit)
893 http cache semver@https://registry.npmjs.org/semver/-/semver-6.3.1.tgz 0ms (cache hit)
894 http cache js-tokens@https://registry.npmjs.org/js-tokens/-/js-tokens-4.0.0.tgz 0ms (cache hit)
895 http cache json5@https://registry.npmjs.org/json5/-/json5-2.2.3.tgz 0ms (cache hit)
896 http cache debug@https://registry.npmjs.org/debug/-/debug-4.4.3.tgz 0ms (cache hit)
897 http cache gensync@https://registry.npmjs.org/gensync/-/gensync-1.0.0-beta.2.tgz 1ms (cache hit)
898 http cache @jridgewell/remapping@https://registry.npmjs.org/@jridgewell/remapping/-/remapping-2.3.5.tgz 0ms (cache hit)
899 http cache convert-source-map@https://registry.npmjs.org/convert-source-map/-/convert-source-map-2.0.0.tgz 0ms (cache hit)
900 http cache @babel/traverse@https://registry.npmjs.org/@babel/traverse/-/traverse-7.29.8.tgz 0ms (cache hit)
901 http cache @babel/types@https://registry.npmjs.org/@babel/types/-/types-7.29.8.tgz 0ms (cache hit)
902 http cache @babel/template@https://registry.npmjs.org/@babel/template/-/template-7.29.7.tgz 0ms (cache hit)
903 http cache @babel/parser@https://registry.npmjs.org/@babel/parser/-/parser-7.29.8.tgz 0ms (cache hit)
904 http cache @babel/helpers@https://registry.npmjs.org/@babel/helpers/-/helpers-7.29.7.tgz 0ms (cache hit)
905 http cache @babel/helper-module-transforms@https://registry.npmjs.org/@babel/helper-module-transforms/-/helper-module-transforms-7.29.7.tgz 0ms (cache hit)
906 http cache @babel/generator@https://registry.npmjs.org/@babel/generator/-/generator-7.29.8.tgz 0ms (cache hit)
907 http cache @babel/helper-compilation-targets@https://registry.npmjs.org/@babel/helper-compilation-targets/-/helper-compilation-targets-7.29.7.tgz 0ms (cache hit)
908 http cache react-refresh@https://registry.npmjs.org/react-refresh/-/react-refresh-0.17.0.tgz 0ms (cache hit)
909 http cache @rolldown/pluginutils@https://registry.npmjs.org/@rolldown/pluginutils/-/pluginutils-1.0.0-beta.27.tgz 0ms (cache hit)
910 http cache @babel/code-frame@https://registry.npmjs.org/@babel/code-frame/-/code-frame-7.29.7.tgz 0ms (cache hit)
911 http cache @types/babel__core@https://registry.npmjs.org/@types/babel__core/-/babel__core-7.20.5.tgz 0ms (cache hit)
912 http cache react-dom@https://registry.npmjs.org/react-dom/-/react-dom-18.3.1.tgz 0ms (cache hit)
913 http cache @babel/plugin-transform-react-jsx-self@https://registry.npmjs.org/@babel/plugin-transform-react-jsx-self/-/plugin-transform-react-jsx-self-7.29.7.tgz 0ms (cache hit)
914 http cache @babel/core@https://registry.npmjs.org/@babel/core/-/core-7.29.7.tgz 0ms (cache hit)
915 http cache @vitejs/plugin-react@https://registry.npmjs.org/@vitejs/plugin-react/-/plugin-react-4.7.0.tgz 0ms (cache hit)
916 http cache react@https://registry.npmjs.org/react/-/react-18.3.1.tgz 0ms (cache hit)
917 silly tarball no local data for @types/estree@https://registry.npmjs.org/@types/estree/-/estree-1.0.9.tgz. Extracting by manifest.
918 silly tarball no local data for nanoid@https://registry.npmjs.org/nanoid/-/nanoid-3.3.18.tgz. Extracting by manifest.
919 silly tarball no local data for @rollup/rollup-win32-x64-msvc@https://registry.npmjs.org/@rollup/rollup-win32-x64-msvc/-/rollup-win32-x64-msvc-4.62.4.tgz. Extracting by manifest.
920 silly tarball no local data for @rollup/rollup-win32-x64-gnu@https://registry.npmjs.org/@rollup/rollup-win32-x64-gnu/-/rollup-win32-x64-gnu-4.62.4.tgz. Extracting by manifest.
921 silly tarball no local data for @esbuild/win32-x64@https://registry.npmjs.org/@esbuild/win32-x64/-/win32-x64-0.25.12.tgz. Extracting by manifest.
922 silly tarball no local data for source-map-js@https://registry.npmjs.org/source-map-js/-/source-map-js-1.2.1.tgz. Extracting by manifest.
923 silly tarball no local data for rollup@https://registry.npmjs.org/rollup/-/rollup-4.62.4.tgz. Extracting by manifest.
924 http cache @babel/plugin-transform-react-jsx-source@https://registry.npmjs.org/@babel/plugin-transform-react-jsx-source/-/plugin-transform-react-jsx-source-7.29.7.tgz 0ms (cache hit)
925 silly tarball no local data for tinyglobby@https://registry.npmjs.org/tinyglobby/-/tinyglobby-0.2.17.tgz. Extracting by manifest.
926 silly tarball no local data for postcss@https://registry.npmjs.org/postcss/-/postcss-8.5.26.tgz. Extracting by manifest.
927 silly tarball no local data for picomatch@https://registry.npmjs.org/picomatch/-/picomatch-4.0.5.tgz. Extracting by manifest.
928 silly tarball no local data for fdir@https://registry.npmjs.org/fdir/-/fdir-6.5.0.tgz. Extracting by manifest.
929 silly tarball no local data for esbuild@https://registry.npmjs.org/esbuild/-/esbuild-0.25.12.tgz. Extracting by manifest.
930 silly tarball no local data for escalade@https://registry.npmjs.org/escalade/-/escalade-3.2.0.tgz. Extracting by manifest.
931 silly tarball no local data for scheduler@https://registry.npmjs.org/scheduler/-/scheduler-0.23.2.tgz. Extracting by manifest.
932 silly tarball no local data for loose-envify@https://registry.npmjs.org/loose-envify/-/loose-envify-1.4.0.tgz. Extracting by manifest.
933 silly tarball no local data for yallist@https://registry.npmjs.org/yallist/-/yallist-3.1.1.tgz. Extracting by manifest.
934 silly tarball no local data for agent-base@https://registry.npmjs.org/agent-base/-/agent-base-6.0.2.tgz. Extracting by manifest.
935 silly tarball no local data for has-tostringtag@https://registry.npmjs.org/has-tostringtag/-/has-tostringtag-1.0.2.tgz. Extracting by manifest.
936 silly tarball no local data for delayed-stream@https://registry.npmjs.org/delayed-stream/-/delayed-stream-1.0.0.tgz. Extracting by manifest.
937 http cache axios@https://registry.npmjs.org/axios/-/axios-1.19.0.tgz 0ms (cache hit)
938 silly tarball no local data for combined-stream@https://registry.npmjs.org/combined-stream/-/combined-stream-1.0.8.tgz. Extracting by manifest.
939 silly tarball no local data for es-set-tostringtag@https://registry.npmjs.org/es-set-tostringtag/-/es-set-tostringtag-2.1.0.tgz. Extracting by manifest.
940 silly tarball no local data for asynckit@https://registry.npmjs.org/asynckit/-/asynckit-0.4.0.tgz. Extracting by manifest.
941 silly tarball no local data for node-releases@https://registry.npmjs.org/node-releases/-/node-releases-2.0.53.tgz. Extracting by manifest.
942 silly tarball no local data for update-browserslist-db@https://registry.npmjs.org/update-browserslist-db/-/update-browserslist-db-1.3.1.tgz. Extracting by manifest.
943 silly tarball no local data for electron-to-chromium@https://registry.npmjs.org/electron-to-chromium/-/electron-to-chromium-1.5.407.tgz. Extracting by manifest.
944 silly tarball no local data for caniuse-lite@https://registry.npmjs.org/caniuse-lite/-/caniuse-lite-1.0.30001809.tgz. Extracting by manifest.
945 silly tarball no local data for proxy-from-env@https://registry.npmjs.org/proxy-from-env/-/proxy-from-env-2.1.0.tgz. Extracting by manifest.
946 silly tarball no local data for baseline-browser-mapping@https://registry.npmjs.org/baseline-browser-mapping/-/baseline-browser-mapping-2.11.14.tgz. Extracting by manifest.
947 silly tarball no local data for https-proxy-agent@https://registry.npmjs.org/https-proxy-agent/-/https-proxy-agent-5.0.1.tgz. Extracting by manifest.
948 silly tarball no local data for @types/babel__traverse@https://registry.npmjs.org/@types/babel__traverse/-/babel__traverse-7.28.0.tgz. Extracting by manifest.
949 silly tarball no local data for form-data@https://registry.npmjs.org/form-data/-/form-data-4.0.6.tgz. Extracting by manifest.
950 silly tarball no local data for follow-redirects@https://registry.npmjs.org/follow-redirects/-/follow-redirects-1.16.0.tgz. Extracting by manifest.
951 silly tarball no local data for @types/babel__template@https://registry.npmjs.org/@types/babel__template/-/babel__template-7.4.4.tgz. Extracting by manifest.
952 silly tarball no local data for @jridgewell/resolve-uri@https://registry.npmjs.org/@jridgewell/resolve-uri/-/resolve-uri-3.1.2.tgz. Extracting by manifest.
953 silly tarball no local data for @types/babel__generator@https://registry.npmjs.org/@types/babel__generator/-/babel__generator-7.27.0.tgz. Extracting by manifest.
954 silly tarball no local data for @jridgewell/sourcemap-codec@https://registry.npmjs.org/@jridgewell/sourcemap-codec/-/sourcemap-codec-1.5.5.tgz. Extracting by manifest.
955 silly tarball no local data for @babel/helper-string-parser@https://registry.npmjs.org/@babel/helper-string-parser/-/helper-string-parser-7.29.7.tgz. Extracting by manifest.
956 silly tarball no local data for @babel/helper-globals@https://registry.npmjs.org/@babel/helper-globals/-/helper-globals-7.29.7.tgz. Extracting by manifest.
957 silly tarball no local data for @babel/helper-plugin-utils@https://registry.npmjs.org/@babel/helper-plugin-utils/-/helper-plugin-utils-7.29.7.tgz. Extracting by manifest.
958 silly tarball no local data for @babel/helper-module-imports@https://registry.npmjs.org/@babel/helper-module-imports/-/helper-module-imports-7.29.7.tgz. Extracting by manifest.
959 silly tarball no local data for lru-cache@https://registry.npmjs.org/lru-cache/-/lru-cache-5.1.1.tgz. Extracting by manifest.
960 silly tarball no local data for browserslist@https://registry.npmjs.org/browserslist/-/browserslist-4.28.8.tgz. Extracting by manifest.
961 silly tarball no local data for @babel/compat-data@https://registry.npmjs.org/@babel/compat-data/-/compat-data-7.29.7.tgz. Extracting by manifest.
962 silly tarball no local data for @babel/helper-validator-option@https://registry.npmjs.org/@babel/helper-validator-option/-/helper-validator-option-7.29.7.tgz. Extracting by manifest.
963 silly tarball no local data for @jridgewell/trace-mapping@https://registry.npmjs.org/@jridgewell/trace-mapping/-/trace-mapping-0.3.31.tgz. Extracting by manifest.
964 silly tarball no local data for @babel/helper-validator-identifier@https://registry.npmjs.org/@babel/helper-validator-identifier/-/helper-validator-identifier-7.29.7.tgz. Extracting by manifest.
965 silly tarball no local data for @jridgewell/gen-mapping@https://registry.npmjs.org/@jridgewell/gen-mapping/-/gen-mapping-0.3.13.tgz. Extracting by manifest.
966 silly tarball no local data for jsesc@https://registry.npmjs.org/jsesc/-/jsesc-3.1.0.tgz. Extracting by manifest.
967 silly tarball no local data for picocolors@https://registry.npmjs.org/picocolors/-/picocolors-1.1.1.tgz. Extracting by manifest.
968 silly tarball no local data for semver@https://registry.npmjs.org/semver/-/semver-6.3.1.tgz. Extracting by manifest.
969 silly tarball no local data for js-tokens@https://registry.npmjs.org/js-tokens/-/js-tokens-4.0.0.tgz. Extracting by manifest.
970 silly tarball no local data for json5@https://registry.npmjs.org/json5/-/json5-2.2.3.tgz. Extracting by manifest.
971 silly tarball no local data for gensync@https://registry.npmjs.org/gensync/-/gensync-1.0.0-beta.2.tgz. Extracting by manifest.
972 silly tarball no local data for @jridgewell/remapping@https://registry.npmjs.org/@jridgewell/remapping/-/remapping-2.3.5.tgz. Extracting by manifest.
973 silly tarball no local data for convert-source-map@https://registry.npmjs.org/convert-source-map/-/convert-source-map-2.0.0.tgz. Extracting by manifest.
974 silly tarball no local data for @babel/traverse@https://registry.npmjs.org/@babel/traverse/-/traverse-7.29.8.tgz. Extracting by manifest.
975 silly tarball no local data for @babel/types@https://registry.npmjs.org/@babel/types/-/types-7.29.8.tgz. Extracting by manifest.
976 silly tarball no local data for @babel/template@https://registry.npmjs.org/@babel/template/-/template-7.29.7.tgz. Extracting by manifest.
977 silly tarball no local data for @babel/parser@https://registry.npmjs.org/@babel/parser/-/parser-7.29.8.tgz. Extracting by manifest.
978 silly tarball no local data for @babel/helpers@https://registry.npmjs.org/@babel/helpers/-/helpers-7.29.7.tgz. Extracting by manifest.
979 silly tarball no local data for @babel/helper-module-transforms@https://registry.npmjs.org/@babel/helper-module-transforms/-/helper-module-transforms-7.29.7.tgz. Extracting by manifest.
980 silly tarball no local data for @babel/generator@https://registry.npmjs.org/@babel/generator/-/generator-7.29.8.tgz. Extracting by manifest.
981 silly tarball no local data for @babel/helper-compilation-targets@https://registry.npmjs.org/@babel/helper-compilation-targets/-/helper-compilation-targets-7.29.7.tgz. Extracting by manifest.
982 silly tarball no local data for react-refresh@https://registry.npmjs.org/react-refresh/-/react-refresh-0.17.0.tgz. Extracting by manifest.
983 silly tarball no local data for @rolldown/pluginutils@https://registry.npmjs.org/@rolldown/pluginutils/-/pluginutils-1.0.0-beta.27.tgz. Extracting by manifest.
984 silly tarball no local data for @babel/code-frame@https://registry.npmjs.org/@babel/code-frame/-/code-frame-7.29.7.tgz. Extracting by manifest.
985 silly tarball no local data for @types/babel__core@https://registry.npmjs.org/@types/babel__core/-/babel__core-7.20.5.tgz. Extracting by manifest.
986 silly tarball no local data for react-dom@https://registry.npmjs.org/react-dom/-/react-dom-18.3.1.tgz. Extracting by manifest.
987 silly tarball no local data for @babel/plugin-transform-react-jsx-self@https://registry.npmjs.org/@babel/plugin-transform-react-jsx-self/-/plugin-transform-react-jsx-self-7.29.7.tgz. Extracting by manifest.
988 silly tarball no local data for @babel/core@https://registry.npmjs.org/@babel/core/-/core-7.29.7.tgz. Extracting by manifest.
989 http cache vite@https://registry.npmjs.org/vite/-/vite-6.4.3.tgz 0ms (cache hit)
990 silly tarball no local data for @vitejs/plugin-react@https://registry.npmjs.org/@vitejs/plugin-react/-/plugin-react-4.7.0.tgz. Extracting by manifest.
991 silly tarball no local data for react@https://registry.npmjs.org/react/-/react-18.3.1.tgz. Extracting by manifest.
992 silly tarball no local data for @babel/plugin-transform-react-jsx-source@https://registry.npmjs.org/@babel/plugin-transform-react-jsx-source/-/plugin-transform-react-jsx-source-7.29.7.tgz. Extracting by manifest.
993 silly tarball no local data for axios@https://registry.npmjs.org/axios/-/axios-1.19.0.tgz. Extracting by manifest.
994 silly tarball no local data for vite@https://registry.npmjs.org/vite/-/vite-6.4.3.tgz. Extracting by manifest.
995 http fetch POST 200 https://registry.npmjs.org/-/npm/v1/security/advisories/bulk 325ms
996 silly audit report {}
997 http fetch GET 200 https://registry.npmjs.org/nanoid/-/nanoid-3.3.18.tgz 281ms (cache miss)
998 http fetch GET 200 https://registry.npmjs.org/tinyglobby/-/tinyglobby-0.2.17.tgz 303ms (cache miss)
999 http fetch GET 200 https://registry.npmjs.org/@types/estree/-/estree-1.0.9.tgz 355ms (cache miss)
1000 http fetch GET 200 https://registry.npmjs.org/yallist/-/yallist-3.1.1.tgz 471ms (cache miss)
1001 http fetch GET 200 https://registry.npmjs.org/loose-envify/-/loose-envify-1.4.0.tgz 488ms (cache miss)
1002 http fetch GET 200 https://registry.npmjs.org/has-tostringtag/-/has-tostringtag-1.0.2.tgz 486ms (cache miss)
1003 http fetch GET 200 https://registry.npmjs.org/agent-base/-/agent-base-6.0.2.tgz 503ms (cache miss)
1004 http fetch GET 200 https://registry.npmjs.org/combined-stream/-/combined-stream-1.0.8.tgz 499ms (cache miss)
1005 http fetch GET 200 https://registry.npmjs.org/asynckit/-/asynckit-0.4.0.tgz 561ms (cache miss)
1006 http fetch GET 200 https://registry.npmjs.org/@types/babel__template/-/babel__template-7.4.4.tgz 634ms (cache miss)
1007 http fetch GET 200 https://registry.npmjs.org/follow-redirects/-/follow-redirects-1.16.0.tgz 636ms (cache miss)
1008 http fetch GET 200 https://registry.npmjs.org/https-proxy-agent/-/https-proxy-agent-5.0.1.tgz 640ms (cache miss)
1009 http fetch GET 200 https://registry.npmjs.org/delayed-stream/-/delayed-stream-1.0.0.tgz 685ms (cache miss)
1010 http fetch GET 200 https://registry.npmjs.org/proxy-from-env/-/proxy-from-env-2.1.0.tgz 679ms (cache miss)
1011 http fetch GET 200 https://registry.npmjs.org/@jridgewell/resolve-uri/-/resolve-uri-3.1.2.tgz 770ms (cache miss)
1012 http fetch GET 200 https://registry.npmjs.org/@types/babel__traverse/-/babel__traverse-7.28.0.tgz 809ms (cache miss)
1013 http fetch GET 200 https://registry.npmjs.org/node-releases/-/node-releases-2.0.53.tgz 816ms (cache miss)
1014 http fetch GET 200 https://registry.npmjs.org/lru-cache/-/lru-cache-5.1.1.tgz 807ms (cache miss)
1015 http fetch GET 200 https://registry.npmjs.org/update-browserslist-db/-/update-browserslist-db-1.3.1.tgz 844ms (cache miss)
1016 http fetch GET 200 https://registry.npmjs.org/@babel/helper-globals/-/helper-globals-7.29.7.tgz 886ms (cache miss)
1017 http fetch GET 200 https://registry.npmjs.org/@babel/helper-module-imports/-/helper-module-imports-7.29.7.tgz 897ms (cache miss)
1018 http fetch GET 200 https://registry.npmjs.org/picocolors/-/picocolors-1.1.1.tgz 905ms (cache miss)
1019 http fetch GET 200 https://registry.npmjs.org/@babel/helper-validator-option/-/helper-validator-option-7.29.7.tgz 929ms (cache miss)
1020 http fetch GET 200 https://registry.npmjs.org/jsesc/-/jsesc-3.1.0.tgz 926ms (cache miss)
1021 http fetch GET 200 https://registry.npmjs.org/@babel/helper-string-parser/-/helper-string-parser-7.29.7.tgz 950ms (cache miss)
1022 http fetch GET 200 https://registry.npmjs.org/@babel/helper-validator-identifier/-/helper-validator-identifier-7.29.7.tgz 963ms (cache miss)
1023 http fetch GET 200 https://registry.npmjs.org/es-set-tostringtag/-/es-set-tostringtag-2.1.0.tgz 994ms (cache miss)
1024 http fetch GET 200 https://registry.npmjs.org/js-tokens/-/js-tokens-4.0.0.tgz 972ms (cache miss)
1025 http fetch GET 200 https://registry.npmjs.org/picomatch/-/picomatch-4.0.5.tgz 1020ms (cache miss)
1026 http fetch GET 200 https://registry.npmjs.org/convert-source-map/-/convert-source-map-2.0.0.tgz 983ms (cache miss)
1027 http fetch GET 200 https://registry.npmjs.org/@babel/compat-data/-/compat-data-7.29.7.tgz 994ms (cache miss)
1028 http fetch GET 200 https://registry.npmjs.org/@types/babel__generator/-/babel__generator-7.27.0.tgz 1023ms (cache miss)
1029 http fetch GET 200 https://registry.npmjs.org/@babel/helper-plugin-utils/-/helper-plugin-utils-7.29.7.tgz 1029ms (cache miss)
1030 http fetch GET 200 https://registry.npmjs.org/fdir/-/fdir-6.5.0.tgz 1056ms (cache miss)
1031 http fetch GET 200 https://registry.npmjs.org/@jridgewell/remapping/-/remapping-2.3.5.tgz 1037ms (cache miss)
1032 http fetch GET 200 https://registry.npmjs.org/@rolldown/pluginutils/-/pluginutils-1.0.0-beta.27.tgz 1034ms (cache miss)
1033 http fetch GET 200 https://registry.npmjs.org/@babel/plugin-transform-react-jsx-self/-/plugin-transform-react-jsx-self-7.29.7.tgz 1048ms (cache miss)
1034 http fetch GET 200 https://registry.npmjs.org/semver/-/semver-6.3.1.tgz 1066ms (cache miss)
1035 http fetch GET 200 https://registry.npmjs.org/@babel/plugin-transform-react-jsx-source/-/plugin-transform-react-jsx-source-7.29.7.tgz 1058ms (cache miss)
1036 http fetch GET 200 https://registry.npmjs.org/escalade/-/escalade-3.2.0.tgz 1125ms (cache miss)
1037 http fetch GET 200 https://registry.npmjs.org/baseline-browser-mapping/-/baseline-browser-mapping-2.11.14.tgz 1139ms (cache miss)
1038 http fetch GET 200 https://registry.npmjs.org/electron-to-chromium/-/electron-to-chromium-1.5.407.tgz 1158ms (cache miss)
1039 http fetch GET 200 https://registry.npmjs.org/form-data/-/form-data-4.0.6.tgz 1161ms (cache miss)
1040 http fetch GET 200 https://registry.npmjs.org/gensync/-/gensync-1.0.0-beta.2.tgz 1148ms (cache miss)
1041 http fetch GET 200 https://registry.npmjs.org/@types/babel__core/-/babel__core-7.20.5.tgz 1140ms (cache miss)
1042 http fetch GET 200 https://registry.npmjs.org/@babel/code-frame/-/code-frame-7.29.7.tgz 1158ms (cache miss)
1043 http fetch GET 200 https://registry.npmjs.org/browserslist/-/browserslist-4.28.8.tgz 1192ms (cache miss)
1044 http fetch GET 200 https://registry.npmjs.org/react-refresh/-/react-refresh-0.17.0.tgz 1178ms (cache miss)
1045 http fetch GET 200 https://registry.npmjs.org/@vitejs/plugin-react/-/plugin-react-4.7.0.tgz 1216ms (cache miss)
1046 http fetch GET 200 https://registry.npmjs.org/esbuild/-/esbuild-0.25.12.tgz 1271ms (cache miss)
1047 http fetch GET 200 https://registry.npmjs.org/source-map-js/-/source-map-js-1.2.1.tgz 1289ms (cache miss)
1048 http fetch GET 200 https://registry.npmjs.org/scheduler/-/scheduler-0.23.2.tgz 1338ms (cache miss)
1049 http fetch GET 200 https://registry.npmjs.org/@babel/helper-compilation-targets/-/helper-compilation-targets-7.29.7.tgz 1324ms (cache miss)
1050 http fetch GET 200 https://registry.npmjs.org/@babel/helper-module-transforms/-/helper-module-transforms-7.29.7.tgz 1343ms (cache miss)
1051 http fetch GET 200 https://registry.npmjs.org/@babel/template/-/template-7.29.7.tgz 1362ms (cache miss)
1052 http fetch GET 200 https://registry.npmjs.org/json5/-/json5-2.2.3.tgz 1383ms (cache miss)
1053 http fetch GET 200 https://registry.npmjs.org/@rollup/rollup-win32-x64-gnu/-/rollup-win32-x64-gnu-4.62.4.tgz 1440ms (cache miss)
1054 http fetch GET 200 https://registry.npmjs.org/react/-/react-18.3.1.tgz 1400ms (cache miss)
1055 http fetch GET 200 https://registry.npmjs.org/@jridgewell/sourcemap-codec/-/sourcemap-codec-1.5.5.tgz 1447ms (cache miss)
1056 http fetch GET 200 https://registry.npmjs.org/@babel/parser/-/parser-7.29.8.tgz 1484ms (cache miss)
1057 http fetch GET 200 https://registry.npmjs.org/@rollup/rollup-win32-x64-msvc/-/rollup-win32-x64-msvc-4.62.4.tgz 1537ms (cache miss)
1058 http fetch GET 200 https://registry.npmjs.org/@jridgewell/gen-mapping/-/gen-mapping-0.3.13.tgz 1522ms (cache miss)
1059 http fetch GET 200 https://registry.npmjs.org/postcss/-/postcss-8.5.26.tgz 1748ms (cache miss)
1060 http fetch GET 200 https://registry.npmjs.org/@jridgewell/trace-mapping/-/trace-mapping-0.3.31.tgz 1718ms (cache miss)
1061 http fetch GET 200 https://registry.npmjs.org/rollup/-/rollup-4.62.4.tgz 1776ms (cache miss)
1062 http fetch GET 200 https://registry.npmjs.org/@babel/generator/-/generator-7.29.8.tgz 1756ms (cache miss)
1063 http fetch GET 200 https://registry.npmjs.org/vite/-/vite-6.4.3.tgz 1751ms (cache miss)
1064 http fetch GET 200 https://registry.npmjs.org/@babel/traverse/-/traverse-7.29.8.tgz 1886ms (cache miss)
1065 http fetch GET 200 https://registry.npmjs.org/@esbuild/win32-x64/-/win32-x64-0.25.12.tgz 1972ms (cache miss)
1066 http fetch GET 200 https://registry.npmjs.org/axios/-/axios-1.19.0.tgz 2016ms (cache miss)
1067 http fetch GET 200 https://registry.npmjs.org/@babel/core/-/core-7.29.7.tgz 2153ms (cache miss)
1068 http fetch GET 200 https://registry.npmjs.org/@babel/types/-/types-7.29.8.tgz 2411ms (cache miss)
1069 http fetch GET 200 https://registry.npmjs.org/react-dom/-/react-dom-18.3.1.tgz 2410ms (cache miss)
1070 http fetch GET 200 https://registry.npmjs.org/@babel/helpers/-/helpers-7.29.7.tgz 2569ms (cache miss)
1071 http fetch GET 200 https://registry.npmjs.org/caniuse-lite/-/caniuse-lite-1.0.30001809.tgz 3906ms (cache miss)
1072 info run esbuild@0.25.12 postinstall node_modules/esbuild node install.js
1073 info run esbuild@0.25.12 postinstall { code: 0, signal: null }
1074 silly ADD node_modules/@types/estree
1075 silly ADD node_modules/@rollup/rollup-win32-x64-msvc
1076 silly ADD node_modules/@rollup/rollup-win32-x64-gnu
1077 silly ADD node_modules/source-map-js
1078 silly ADD node_modules/nanoid
1079 silly ADD node_modules/@esbuild/win32-x64
1080 silly ADD node_modules/tinyglobby
1081 silly ADD node_modules/rollup
1082 silly ADD node_modules/postcss
1083 silly ADD node_modules/picomatch
1084 silly ADD node_modules/fdir
1085 silly ADD node_modules/esbuild
1086 silly ADD node_modules/escalade
1087 silly ADD node_modules/scheduler
1088 silly ADD node_modules/loose-envify
1089 silly ADD node_modules/mime-db
1090 silly ADD node_modules/yallist
1091 silly ADD node_modules/agent-base
1092 silly ADD node_modules/dunder-proto
1093 silly ADD node_modules/math-intrinsics
1094 silly ADD node_modules/has-symbols
1095 silly ADD node_modules/gopd
1096 silly ADD node_modules/get-proto
1097 silly ADD node_modules/function-bind
1098 silly ADD node_modules/es-object-atoms
1099 silly ADD node_modules/es-define-property
1100 silly ADD node_modules/call-bind-apply-helpers
1101 silly ADD node_modules/has-tostringtag
1102 silly ADD node_modules/get-intrinsic
1103 silly ADD node_modules/es-errors
1104 silly ADD node_modules/delayed-stream
1105 silly ADD node_modules/mime-types
1106 silly ADD node_modules/hasown
1107 silly ADD node_modules/es-set-tostringtag
1108 silly ADD node_modules/combined-stream
1109 silly ADD node_modules/asynckit
1110 silly ADD node_modules/ms
1111 silly ADD node_modules/update-browserslist-db
1112 silly ADD node_modules/node-releases
1113 silly ADD node_modules/electron-to-chromium
1114 silly ADD node_modules/caniuse-lite
1115 silly ADD node_modules/baseline-browser-mapping
1116 silly ADD node_modules/proxy-from-env
1117 silly ADD node_modules/https-proxy-agent
1118 silly ADD node_modules/form-data
1119 silly ADD node_modules/follow-redirects
1120 silly ADD node_modules/@types/babel__traverse
1121 silly ADD node_modules/@types/babel__template
1122 silly ADD node_modules/@types/babel__generator
1123 silly ADD node_modules/@jridgewell/resolve-uri
1124 silly ADD node_modules/@jridgewell/sourcemap-codec
1125 silly ADD node_modules/@babel/helper-string-parser
1126 silly ADD node_modules/@babel/helper-globals
1127 silly ADD node_modules/@babel/helper-plugin-utils
1128 silly ADD node_modules/@babel/helper-module-imports
1129 silly ADD node_modules/lru-cache
1130 silly ADD node_modules/browserslist
1131 silly ADD node_modules/@babel/helper-validator-option
1132 silly ADD node_modules/@babel/compat-data
1133 silly ADD node_modules/jsesc
1134 silly ADD node_modules/@jridgewell/trace-mapping
1135 silly ADD node_modules/@jridgewell/gen-mapping
1136 silly ADD node_modules/picocolors
1137 silly ADD node_modules/js-tokens
1138 silly ADD node_modules/@babel/helper-validator-identifier
1139 silly ADD node_modules/semver
1140 silly ADD node_modules/json5
1141 silly ADD node_modules/gensync
1142 silly ADD node_modules/debug
1143 silly ADD node_modules/convert-source-map
1144 silly ADD node_modules/@jridgewell/remapping
1145 silly ADD node_modules/@babel/types
1146 silly ADD node_modules/@babel/traverse
1147 silly ADD node_modules/@babel/template
1148 silly ADD node_modules/@babel/parser
1149 silly ADD node_modules/@babel/helpers
1150 silly ADD node_modules/@babel/helper-module-transforms
1151 silly ADD node_modules/@babel/helper-compilation-targets
1152 silly ADD node_modules/@babel/generator
1153 silly ADD node_modules/@babel/code-frame
1154 silly ADD node_modules/react-refresh
1155 silly ADD node_modules/@types/babel__core
1156 silly ADD node_modules/@rolldown/pluginutils
1157 silly ADD node_modules/@babel/plugin-transform-react-jsx-source
1158 silly ADD node_modules/@babel/plugin-transform-react-jsx-self
1159 silly ADD node_modules/@babel/core
1160 silly ADD node_modules/react-dom
1161 silly ADD node_modules/react
1162 silly ADD node_modules/axios
1163 silly ADD node_modules/vite
1164 silly ADD node_modules/@vitejs/plugin-react
1165 verbose cwd C:\Users\nayak\Documents\Codex\2026-08-15\files-mentioned-by-the-user-build\frontend
1166 verbose os Windows_NT 10.0.26200
1167 verbose node v24.12.0
1168 verbose npm  v11.6.2
1169 verbose exit 0
1170 info ok
